Workbook

Sheet 5TR1_1 Gücü ve Akım 
A1: Direk No | B1: Hat No | C1: Mesafe | D1: Kat Sayısı | E1: Güç Yoğunluğu | F1: Hat Gücü | G1: Direk Gücü | H1: Direk Akımı | I1: Hat Akımı | J1: Moment | K1: Toplam Moment | L1: Kesit | M1: Önerilen Hat tertibi | N1: Tercih edilen Hat tertibi | O1: Hat Seçimi | P1: Isıya göre kontrol
A2: TR1_1 | G2: =0.5*F3 -> 2025 | H2: =G2/(SQRT(3)*380) -> 3.0766692
A3: 1 | B3: 1 | C3: 30 | D3: 3 | E3: 45 | F3: =C3*D3*E3 -> 4050 | G3: =0.5*(F3+F4) -> 4050 | H3: =G3/(SQRT(3)*380) -> 6.1533384 | I3: =H3+I4 -> 152.19257 | J3: =I3*C3 -> 4565.7771 | K3: =J3+K4 -> 24204.157 | L3: =K3/(8*35) -> 86.443416 | M3: =IF(L3>Veriler!$D$1,IF(L3>Veriler!$D$2,IF(L3>Veriler!$D$3,IF(L3>Veriler!$D$4,IF(L3>Veriler!$D$5,IF(L3>Veriler!$D$6,IF(L3>Veriler!$D$7,IF(L3>Veriler!$D$8,"ders sorumlusuna başvur",Veriler!$A$8),Veriler!$A$7),Veriler!$A$6),Veriler!$A$5),Veriler!$A$4),Veriler!$A$3),Veriler!$A$2),Veriler!$A$1) -> 8 | N3: 8 | O3: =VLOOKUP(N3,Veriler!A$1:C$8,2,FALSE) -> 3xOxlip+Rose/Aster | P3: =IF(I4<VLOOKUP(N4,Veriler!A$1:E$8,5,FALSE)," UYGUNDUR","KESİT AKIMI TAŞIYAMIYOR") -> UYGUNDUR
A4: 2 | B4: 2 | C4: 30 | D4: 3 | E4: 45 | F4: =C4*D4*E4 -> 4050 | G4: =0.5*(F4+F5) -> 4050 | H4: =G4/(SQRT(3)*380) -> 6.1533384 | I4: =H4+I5 -> 146.03923 | J4: =I4*C4 -> 4381.1769 | K4: =J4+K5 -> 19638.379 | L4: =K4/(8*35) -> 70.13707 | M4: =IF(L4>Veriler!$D$1,IF(L4>Veriler!$D$2,IF(L4>Veriler!$D$3,IF(L4>Veriler!$D$4,IF(L4>Veriler!$D$5,IF(L4>Veriler!$D$6,IF(L4>Veriler!$D$7,IF(L4>Veriler!$D$8,"ders sorumlusuna başvur",Veriler!$A$8),Veriler!$A$7),Veriler!$A$6),Veriler!$A$5),Veriler!$A$4),Veriler!$A$3),Veriler!$A$2),Veriler!$A$1) -> 7 | N4: 8 | O4: =VLOOKUP(N4,Veriler!A$1:C$8,2,FALSE) -> 3xOxlip+Rose/Aster | P4: =IF(I4<VLOOKUP(N4,Veriler!A$1:E$8,5,FALSE)," UYGUNDUR","KESİT AKIMI TAŞIYAMIYOR") -> UYGUNDUR
A5: 3 | B5: 3 | C5: 30 | D5: 3 | E5: 45 | F5: =C5*D5*E5 -> 4050 | G5: =0.5*(F5+F6) -> 3847.5 | H5: =G5/(SQRT(3)*380) -> 5.8456715 | I5: =H5+I6 -> 139.88589 | J5: =I5*C5 -> 4196.5768 | K5: =J5+K6 -> 15257.203 | L5: =K5/(8*35) -> 54.490009 | M5: =IF(L5>Veriler!$D$1,IF(L5>Veriler!$D$2,IF(L5>Veriler!$D$3,IF(L5>Veriler!$D$4,IF(L5>Veriler!$D$5,IF(L5>Veriler!$D$6,IF(L5>Veriler!$D$7,IF(L5>Veriler!$D$8,"ders sorumlusuna başvur",Veriler!$A$8),Veriler!$A$7),Veriler!$A$6),Veriler!$A$5),Veriler!$A$4),Veriler!$A$3),Veriler!$A$2),Veriler!$A$1) -> 6 | N5: 8 | O5: =VLOOKUP(N5,Veriler!A$1:C$8,2,FALSE) -> 3xOxlip+Rose/Aster | P5: =IF(I5<VLOOKUP(N5,Veriler!A$1:E$8,5,FALSE)," UYGUNDUR","KESİT AKIMI TAŞIYAMIYOR") -> UYGUNDUR
A6: 4 | B6: 4 | C6: 27 | D6: 3 | E6: 45 | F6: =C6*D6*E6 -> 3645 | G6: =0.5*(F6+F7+F12) -> 6412.5 | H6: =G6/(SQRT(3)*380) -> 9.7427858 | I6: =H6+H7+H8+H9+H10+I11 -> 134.04022 | J6: =I6*C6 -> 3619.086 | K6: =J6+K11 -> 11060.626 | L6: =K6/(8*35) -> 39.502235 | M6: =IF(L6>Veriler!$D$1,IF(L6>Veriler!$D$2,IF(L6>Veriler!$D$3,IF(L6>Veriler!$D$4,IF(L6>Veriler!$D$5,IF(L6>Veriler!$D$6,IF(L6>Veriler!$D$7,IF(L6>Veriler!$D$8,"ders sorumlusuna başvur",Veriler!$A$8),Veriler!$A$7),Veriler!$A$6),Veriler!$A$5),Veriler!$A$4),Veriler!$A$3),Veriler!$A$2),Veriler!$A$1) -> 4 | N6: 8 | O6: =VLOOKUP(N6,Veriler!A$1:C$8,2,FALSE) -> 3xOxlip+Rose/Aster | P6: =IF(I6<VLOOKUP(N6,Veriler!A$1:E$8,5,FALSE)," UYGUNDUR","KESİT AKIMI TAŞIYAMIYOR") -> UYGUNDUR
A7: 5 | B7: 5 | C7: 34 | D7: 3 | E7: 45 | F7: =C7*D7*E7 -> 4590 | G7: =0.5*(F7+F8) -> 4590 | H7: =G7/(SQRT(3)*380) -> 6.9737835 | M7: =IF(L7>Veriler!$D$1,IF(L7>Veriler!$D$2,IF(L7>Veriler!$D$3,IF(L7>Veriler!$D$4,IF(L7>Veriler!$D$5,IF(L7>Veriler!$D$6,IF(L7>Veriler!$D$7,IF(L7>Veriler!$D$8,"ders sorumlusuna başvur",Veriler!$A$8),Veriler!$A$7),Veriler!$A$6),Veriler!$A$5),Veriler!$A$4),Veriler!$A$3),Veriler!$A$2),Veriler!$A$1) -> 1 | N7: 1 | O7: =VLOOKUP(N7,Veriler!A$1:C$8,2,FALSE) -> 5 x Rose | P7: =IF(I7<VLOOKUP(N7,Veriler!A$1:E$8,5,FALSE)," UYGUNDUR","KESİT AKIMI TAŞIYAMIYOR") -> UYGUNDUR
A8: 6 | B8: 6 | C8: 34 | D8: 3 | E8: 45 | F8: =C8*D8*E8 -> 4590 | G8: =0.5*(F8+F9) -> 4590 | H8: =G8/(SQRT(3)*380) -> 6.9737835 | M8: =IF(L8>Veriler!$D$1,IF(L8>Veriler!$D$2,IF(L8>Veriler!$D$3,IF(L8>Veriler!$D$4,IF(L8>Veriler!$D$5,IF(L8>Veriler!$D$6,IF(L8>Veriler!$D$7,IF(L8>Veriler!$D$8,"ders sorumlusuna başvur",Veriler!$A$8),Veriler!$A$7),Veriler!$A$6),Veriler!$A$5),Veriler!$A$4),Veriler!$A$3),Veriler!$A$2),Veriler!$A$1) -> 1 | N8: 1 | O8: =VLOOKUP(N8,Veriler!A$1:C$8,2,FALSE) -> 5 x Rose | P8: =IF(I8<VLOOKUP(N8,Veriler!A$1:E$8,5,FALSE)," UYGUNDUR","KESİT AKIMI TAŞIYAMIYOR") -> UYGUNDUR
A9: 7 | B9: 7 | C9: 34 | D9: 3 | E9: 45 | F9: =C9*D9*E9 -> 4590 | G9: =0.5*(F9+F10) -> 4590 | H9: =G9/(SQRT(3)*380) -> 6.9737835 | M9: =IF(L9>Veriler!$D$1,IF(L9>Veriler!$D$2,IF(L9>Veriler!$D$3,IF(L9>Veriler!$D$4,IF(L9>Veriler!$D$5,IF(L9>Veriler!$D$6,IF(L9>Veriler!$D$7,IF(L9>Veriler!$D$8,"ders sorumlusuna başvur",Veriler!$A$8),Veriler!$A$7),Veriler!$A$6),Veriler!$A$5),Veriler!$A$4),Veriler!$A$3),Veriler!$A$2),Veriler!$A$1) -> 1 | N9: 1 | O9: =VLOOKUP(N9,Veriler!A$1:C$8,2,FALSE) -> 5 x Rose | P9: =IF(I9<VLOOKUP(N9,Veriler!A$1:E$8,5,FALSE)," UYGUNDUR","KESİT AKIMI TAŞIYAMIYOR") -> UYGUNDUR
A10: 8 | B10: 8 | C10: 34 | D10: 3 | E10: 45 | F10: =C10*D10*E10 -> 4590 | G10: =0.5*(F10+F11) -> 4590 | H10: =G10/(SQRT(3)*380) -> 6.9737835 | M10: =IF(L10>Veriler!$D$1,IF(L10>Veriler!$D$2,IF(L10>Veriler!$D$3,IF(L10>Veriler!$D$4,IF(L10>Veriler!$D$5,IF(L10>Veriler!$D$6,IF(L10>Veriler!$D$7,IF(L10>Veriler!$D$8,"ders sorumlusuna başvur",Veriler!$A$8),Veriler!$A$7),Veriler!$A$6),Veriler!$A$5),Veriler!$A$4),Veriler!$A$3),Veriler!$A$2),Veriler!$A$1) -> 1 | N10: 1 | O10: =VLOOKUP(N10,Veriler!A$1:C$8,2,FALSE) -> 5 x Rose | P10: =IF(I10<VLOOKUP(N10,Veriler!A$1:E$8,5,FALSE)," UYGUNDUR","KESİT AKIMI TAŞIYAMIYOR") -> UYGUNDUR
A11: 9 | B11: 9 | C11: 34 | D11: 3 | E11: 45 | F11: =C11*D11*E11 -> 4590 | G11: =0.5*(F11+F12) -> 4590 | H11: =G11/(SQRT(3)*380) -> 6.9737835 | I11: =H11+H12+H13+H14+H15+H16+H17+I18 -> 96.402302 | J11: =I11*C11 -> 3277.6783 | K11: =J11+K18 -> 7441.5398 | L11: =K11/(8*35) -> 26.576928 | M11: =IF(L11>Veriler!$D$1,IF(L11>Veriler!$D$2,IF(L11>Veriler!$D$3,IF(L11>Veriler!$D$4,IF(L11>Veriler!$D$5,IF(L11>Veriler!$D$6,IF(L11>Veriler!$D$7,IF(L11>Veriler!$D$8,"ders sorumlusuna başvur",Veriler!$A$8),Veriler!$A$7),Veriler!$A$6),Veriler!$A$5),Veriler!$A$4),Veriler!$A$3),Veriler!$A$2),Veriler!$A$1) -> 2 | N11: 2 | O11: =VLOOKUP(N11,Veriler!A$1:C$8,2,FALSE) -> 3 x Lily + Rose/Lily | P11: =IF(I11<VLOOKUP(N11,Veriler!A$1:E$8,5,FALSE)," UYGUNDUR","KESİT AKIMI TAŞIYAMIYOR") -> UYGUNDUR
A12: 10 | B12: 10 | C12: 34 | D12: 3 | E12: 45 | F12: =C12*D12*E12 -> 4590 | G12: =0.5*(F12+F13) -> 4590 | H12: =G12/(SQRT(3)*380) -> 6.9737835 | M12: =IF(L12>Veriler!$D$1,IF(L12>Veriler!$D$2,IF(L12>Veriler!$D$3,IF(L12>Veriler!$D$4,IF(L12>Veriler!$D$5,IF(L12>Veriler!$D$6,IF(L12>Veriler!$D$7,IF(L12>Veriler!$D$8,"ders sorumlusuna başvur",Veriler!$A$8),Veriler!$A$7),Veriler!$A$6),Veriler!$A$5),Veriler!$A$4),Veriler!$A$3),Veriler!$A$2),Veriler!$A$1) -> 1 | N12: 1 | O12: =VLOOKUP(N12,Veriler!A$1:C$8,2,FALSE) -> 5 x Rose | P12: =IF(I12<VLOOKUP(N12,Veriler!A$1:E$8,5,FALSE)," UYGUNDUR","KESİT AKIMI TAŞIYAMIYOR") -> UYGUNDUR
A13: 11 | B13: 11 | C13: 34 | D13: 3 | E13: 45 | F13: =C13*D13*E13 -> 4590 | G13: =0.5*(F13+F14) -> 4590 | H13: =G13/(SQRT(3)*380) -> 6.9737835 | M13: =IF(L13>Veriler!$D$1,IF(L13>Veriler!$D$2,IF(L13>Veriler!$D$3,IF(L13>Veriler!$D$4,IF(L13>Veriler!$D$5,IF(L13>Veriler!$D$6,IF(L13>Veriler!$D$7,IF(L13>Veriler!$D$8,"ders sorumlusuna başvur",Veriler!$A$8),Veriler!$A$7),Veriler!$A$6),Veriler!$A$5),Veriler!$A$4),Veriler!$A$3),Veriler!$A$2),Veriler!$A$1) -> 1 | N13: 1 | O13: =VLOOKUP(N13,Veriler!A$1:C$8,2,FALSE) -> 5 x Rose | P13: =IF(I13<VLOOKUP(N13,Veriler!A$1:E$8,5,FALSE)," UYGUNDUR","KESİT AKIMI TAŞIYAMIYOR") -> UYGUNDUR
A14: 12 | B14: 12 | C14: 34 | D14: 3 | E14: 45 | F14: =C14*D14*E14 -> 4590 | G14: =0.5*(F14+F15+F16) -> 7290 | H14: =G14/(SQRT(3)*380) -> 11.076009 | M14: =IF(L14>Veriler!$D$1,IF(L14>Veriler!$D$2,IF(L14>Veriler!$D$3,IF(L14>Veriler!$D$4,IF(L14>Veriler!$D$5,IF(L14>Veriler!$D$6,IF(L14>Veriler!$D$7,IF(L14>Veriler!$D$8,"ders sorumlusuna başvur",Veriler!$A$8),Veriler!$A$7),Veriler!$A$6),Veriler!$A$5),Veriler!$A$4),Veriler!$A$3),Veriler!$A$2),Veriler!$A$1) -> 1 | N14: 1 | O14: =VLOOKUP(N14,Veriler!A$1:C$8,2,FALSE) -> 5 x Rose | P14: =IF(I14<VLOOKUP(N14,Veriler!A$1:E$8,5,FALSE)," UYGUNDUR","KESİT AKIMI TAŞIYAMIYOR") -> UYGUNDUR
A15: 13 | B15: 13 | C15: 34 | D15: 3 | E15: 45 | F15: =C15*D15*E15 -> 4590 | G15: =0.5*(F15) -> 2295 | H15: =G15/(SQRT(3)*380) -> 3.4868918 | M15: =IF(L15>Veriler!$D$1,IF(L15>Veriler!$D$2,IF(L15>Veriler!$D$3,IF(L15>Veriler!$D$4,IF(L15>Veriler!$D$5,IF(L15>Veriler!$D$6,IF(L15>Veriler!$D$7,IF(L15>Veriler!$D$8,"ders sorumlusuna başvur",Veriler!$A$8),Veriler!$A$7),Veriler!$A$6),Veriler!$A$5),Veriler!$A$4),Veriler!$A$3),Veriler!$A$2),Veriler!$A$1) -> 1 | N15: 1 | O15: =VLOOKUP(N15,Veriler!A$1:C$8,2,FALSE) -> 5 x Rose | P15: =IF(I15<VLOOKUP(N15,Veriler!A$1:E$8,5,FALSE)," UYGUNDUR","KESİT AKIMI TAŞIYAMIYOR") -> UYGUNDUR
A16: 14 | B16: 14 | C16: 40 | D16: 3 | E16: 45 | F16: =C16*D16*E16 -> 5400 | G16: =0.5*(F16+F17) -> 5400 | H16: =G16/(SQRT(3)*380) -> 8.2044512 | M16: =IF(L16>Veriler!$D$1,IF(L16>Veriler!$D$2,IF(L16>Veriler!$D$3,IF(L16>Veriler!$D$4,IF(L16>Veriler!$D$5,IF(L16>Veriler!$D$6,IF(L16>Veriler!$D$7,IF(L16>Veriler!$D$8,"ders sorumlusuna başvur",Veriler!$A$8),Veriler!$A$7),Veriler!$A$6),Veriler!$A$5),Veriler!$A$4),Veriler!$A$3),Veriler!$A$2),Veriler!$A$1) -> 1 | N16: 1 | O16: =VLOOKUP(N16,Veriler!A$1:C$8,2,FALSE) -> 5 x Rose | P16: =IF(I16<VLOOKUP(N16,Veriler!A$1:E$8,5,FALSE)," UYGUNDUR","KESİT AKIMI TAŞIYAMIYOR") -> UYGUNDUR
A17: 15 | B17: 15 | C17: 40 | D17: 3 | E17: 45 | F17: =C17*D17*E17 -> 5400 | G17: =0.5*(F17) -> 2700 | H17: =G17/(SQRT(3)*380) -> 4.1022256 | M17: =IF(L17>Veriler!$D$1,IF(L17>Veriler!$D$2,IF(L17>Veriler!$D$3,IF(L17>Veriler!$D$4,IF(L17>Veriler!$D$5,IF(L17>Veriler!$D$6,IF(L17>Veriler!$D$7,IF(L17>Veriler!$D$8,"ders sorumlusuna başvur",Veriler!$A$8),Veriler!$A$7),Veriler!$A$6),Veriler!$A$5),Veriler!$A$4),Veriler!$A$3),Veriler!$A$2),Veriler!$A$1) -> 1 | N17: 1 | O17: =VLOOKUP(N17,Veriler!A$1:C$8,2,FALSE) -> 5 x Rose | P17: =IF(I17<VLOOKUP(N17,Veriler!A$1:E$8,5,FALSE)," UYGUNDUR","KESİT AKIMI TAŞIYAMIYOR") -> UYGUNDUR
A18: 16 | B18: 16 | C18: 28 | D18: 3 | E18: 45 | F18: =C18*D18*E18 -> 3780 | G18: =0.5*(F18+F19) -> 3780 | H18: =G18/(SQRT(3)*380) -> 5.7431158 | I18: =H18+I19 -> 48.611373 | J18: =I18*C18 -> 1361.1185 | K18: =J18+K19 -> 4163.8615 | L18: =K18/(8*35) -> 14.870934 | M18: =IF(L18>Veriler!$D$1,IF(L18>Veriler!$D$2,IF(L18>Veriler!$D$3,IF(L18>Veriler!$D$4,IF(L18>Veriler!$D$5,IF(L18>Veriler!$D$6,IF(L18>Veriler!$D$7,IF(L18>Veriler!$D$8,"ders sorumlusuna başvur",Veriler!$A$8),Veriler!$A$7),Veriler!$A$6),Veriler!$A$5),Veriler!$A$4),Veriler!$A$3),Veriler!$A$2),Veriler!$A$1) -> 1 | N18: 1 | O18: =VLOOKUP(N18,Veriler!A$1:C$8,2,FALSE) -> 5 x Rose | P18: =IF(I18<VLOOKUP(N18,Veriler!A$1:E$8,5,FALSE)," UYGUNDUR","KESİT AKIMI TAŞIYAMIYOR") -> UYGUNDUR
A19: 17 | B19: 17 | C19: 28 | D19: 3 | E19: 45 | F19: =C19*D19*E19 -> 3780 | G19: =0.5*(F19+F20+F22) -> 6952.5 | H19: =G19/(SQRT(3)*380) -> 10.563231 | I19: =H19+H20+H21+I22 -> 42.868257 | J19: =I19*C19 -> 1200.3112 | K19: =J19+K22 -> 2802.7431 | L19: =K19/(8*35) -> 10.009797 | M19: =IF(L19>Veriler!$D$1,IF(L19>Veriler!$D$2,IF(L19>Veriler!$D$3,IF(L19>Veriler!$D$4,IF(L19>Veriler!$D$5,IF(L19>Veriler!$D$6,IF(L19>Veriler!$D$7,IF(L19>Veriler!$D$8,"ders sorumlusuna başvur",Veriler!$A$8),Veriler!$A$7),Veriler!$A$6),Veriler!$A$5),Veriler!$A$4),Veriler!$A$3),Veriler!$A$2),Veriler!$A$1) -> 1 | N19: 1 | O19: =VLOOKUP(N16,Veriler!A$1:C$8,2,FALSE) -> 5 x Rose | P19: =IF(I19<VLOOKUP(N19,Veriler!A$1:E$8,5,FALSE)," UYGUNDUR","KESİT AKIMI TAŞIYAMIYOR") -> UYGUNDUR
A20: 18 | B20: 18 | C20: 35 | D20: 3 | E20: 45 | F20: =C20*D20*E20 -> 4725 | G20: =0.5*(F20+F21) -> 4725 | H20: =G20/(SQRT(3)*380) -> 7.1788948 | M20: =IF(L20>Veriler!$D$1,IF(L20>Veriler!$D$2,IF(L20>Veriler!$D$3,IF(L20>Veriler!$D$4,IF(L20>Veriler!$D$5,IF(L20>Veriler!$D$6,IF(L20>Veriler!$D$7,IF(L20>Veriler!$D$8,"ders sorumlusuna başvur",Veriler!$A$8),Veriler!$A$7),Veriler!$A$6),Veriler!$A$5),Veriler!$A$4),Veriler!$A$3),Veriler!$A$2),Veriler!$A$1) -> 1 | N20: 1 | O20: =VLOOKUP(N17,Veriler!A$1:C$8,2,FALSE) -> 5 x Rose | P20: =IF(I20<VLOOKUP(N20,Veriler!A$1:E$8,5,FALSE)," UYGUNDUR","KESİT AKIMI TAŞIYAMIYOR") -> UYGUNDUR
A21: 19 | B21: 19 | C21: 35 | D21: 3 | E21: 45 | F21: =C21*D21*E21 -> 4725 | G21: =0.5*(F21) -> 2362.5 | H21: =G21/(SQRT(3)*380) -> 3.5894474 | M21: =IF(L21>Veriler!$D$1,IF(L21>Veriler!$D$2,IF(L21>Veriler!$D$3,IF(L21>Veriler!$D$4,IF(L21>Veriler!$D$5,IF(L21>Veriler!$D$6,IF(L21>Veriler!$D$7,IF(L21>Veriler!$D$8,"ders sorumlusuna başvur",Veriler!$A$8),Veriler!$A$7),Veriler!$A$6),Veriler!$A$5),Veriler!$A$4),Veriler!$A$3),Veriler!$A$2),Veriler!$A$1) -> 1 | N21: 1 | O21: =VLOOKUP(N18,Veriler!A$1:C$8,2,FALSE) -> 5 x Rose | P21: =IF(I21<VLOOKUP(N21,Veriler!A$1:E$8,5,FALSE)," UYGUNDUR","KESİT AKIMI TAŞIYAMIYOR") -> UYGUNDUR
A22: 20 | B22: 20 | C22: 40 | D22: 3 | E22: 45 | F22: =C22*D22*E22 -> 5400 | G22: =0.5*(F22+F23) -> 5737.5 | H22: =G22/(SQRT(3)*380) -> 8.7172294 | I22: =H22+I23 -> 21.536684 | J22: =I22*C22 -> 861.46738 | K22: =J22+K23 -> 1602.4319 | L22: =K22/(8*35) -> 5.722971 | M22: =IF(L22>Veriler!$D$1,IF(L22>Veriler!$D$2,IF(L22>Veriler!$D$3,IF(L22>Veriler!$D$4,IF(L22>Veriler!$D$5,IF(L22>Veriler!$D$6,IF(L22>Veriler!$D$7,IF(L22>Veriler!$D$8,"ders sorumlusuna başvur",Veriler!$A$8),Veriler!$A$7),Veriler!$A$6),Veriler!$A$5),Veriler!$A$4),Veriler!$A$3),Veriler!$A$2),Veriler!$A$1) -> 1 | N22: 1 | O22: =VLOOKUP(N19,Veriler!A$1:C$8,2,FALSE) -> 5 x Rose | P22: =IF(I22<VLOOKUP(N22,Veriler!A$1:E$8,5,FALSE)," UYGUNDUR","KESİT AKIMI TAŞIYAMIYOR") -> UYGUNDUR
A23: 21 | B23: 21 | C23: 45 | D23: 3 | E23: 45 | F23: =C23*D23*E23 -> 6075 | G23: =0.5*(F23+F24) -> 5737.5 | H23: =G23/(SQRT(3)*380) -> 8.7172294 | I23: =H23+I24 -> 12.819455 | J23: =I23*C23 -> 576.87547 | K23: =J23+K24 -> 740.9645 | L23: =K23/(8*35) -> 2.6463018 | M23: =IF(L23>Veriler!$D$1,IF(L23>Veriler!$D$2,IF(L23>Veriler!$D$3,IF(L23>Veriler!$D$4,IF(L23>Veriler!$D$5,IF(L23>Veriler!$D$6,IF(L23>Veriler!$D$7,IF(L23>Veriler!$D$8,"ders sorumlusuna başvur",Veriler!$A$8),Veriler!$A$7),Veriler!$A$6),Veriler!$A$5),Veriler!$A$4),Veriler!$A$3),Veriler!$A$2),Veriler!$A$1) -> 1 | N23: 1 | O23: =VLOOKUP(N20,Veriler!A$1:C$8,2,FALSE) -> 5 x Rose | P23: =IF(I23<VLOOKUP(N23,Veriler!A$1:E$8,5,FALSE)," UYGUNDUR","KESİT AKIMI TAŞIYAMIYOR") -> UYGUNDUR
A24: 22 | B24: 22 | C24: 40 | D24: 3 | E24: 45 | F24: =C24*D24*E24 -> 5400 | G24: =0.5*(F24) -> 2700 | H24: =G24/(SQRT(3)*380) -> 4.1022256 | I24: 4.1022256 | J24: =I24*C24 -> 164.08902 | K24: 164.08902 | L24: =K24/(8*35) -> 0.58603223 | M24: =IF(L24>Veriler!$D$1,IF(L24>Veriler!$D$2,IF(L24>Veriler!$D$3,IF(L24>Veriler!$D$4,IF(L24>Veriler!$D$5,IF(L24>Veriler!$D$6,IF(L24>Veriler!$D$7,IF(L24>Veriler!$D$8,"ders sorumlusuna başvur",Veriler!$A$8),Veriler!$A$7),Veriler!$A$6),Veriler!$A$5),Veriler!$A$4),Veriler!$A$3),Veriler!$A$2),Veriler!$A$1) -> 1 | N24: 1 | O24: =VLOOKUP(N21,Veriler!A$1:C$8,2,FALSE) -> 5 x Rose | P24: =IF(I24<VLOOKUP(N24,Veriler!A$1:E$8,5,FALSE)," UYGUNDUR","KESİT AKIMI TAŞIYAMIYOR") -> UYGUNDUR

Sheet 5TR1-1Abone
A1: AKTİF GÜÇ
A2: Branşman Noktasına İrca Edilen Yük | G2: 58.5 | I2: 201 | K2: 250.5 | M2: 160.5 | O2: 62.5
A3: Hat Yükleri (m) | F3: =H3+G2 -> 733 | H3: =J3+I2 -> 674.5 | J3: =L3+K2 -> 473.5 | L3: =N3+M2 -> 223 | N3: 62.5
A4: Güç Yoğunluğu (J) | F4: 45 | H4: 45 | J4: 45 | L4: 45 | N4: 45
A5: Ktri | F5: 4.96 | H5: 19.8 | J5: 7.42 | L5: 9.36 | N5: 9.3
A6: %e | F6: =F5*F4*F3*G2*10^-7 -> 0.95709276 | H6: =H5*H4*H3*10^-7*117 -> 7.0314602 | J6: =J5*J4*J3*10^-7*13 -> 0.20553214 | L6: =L5*L4*L3*10^-7*56 -> 0.52599456 | N6: =N5*N4*N3*10^-7*125 -> 0.32695313

Sheet 5TR1-1Aydınlatma
A1: AKTİF GÜÇ
A2: Branşman Noktasına İrca Edilen Yük | B2: 125 | C2: 125 | D2: 125 | E2: 625 | F2: 875 | G2: 125 | H2: 375 | I2: 125 | J2: 125 | K2: 125
A3: Hat Yükleri (m) | B3: 750 | C3: 2625 | D3: 2500 | E3: 2375 | F3: 1750 | G3: 875 | H3: 750 | I3: 375 | J3: 250 | K3: 125
A4: Kmono | B4: 36.65 | C4: 55.8 | D4: 55.8 | E4: 55.8 | F4: 55.8 | G4: 55.8 | H4: 55.8 | I4: 36.65 | J4: 36.65 | K4: 36.65
A5: %e | B5: =B4*B3*B2*10^-7 -> 0.34359375 | C5: =C4*C3*C2*10^-7 -> 1.8309375 | D5: =D4*D2*10^-7 -> 0.0006975 | E5: =E4*E3*10^-7 -> 0.0132525 | F5: =F4*F2*10^-7 -> 0.0048825 | G5: =G4*G3*G2*10^-7 -> 0.6103125 | H5: =H4*H3*H2*10^-7 -> 1.569375 | I5: =I4*I3*I2*10^-7 -> 0.17179687 | J5: =J4*J3*J2*10^-7 -> 0.11453125 | K5: =K4*K3*K2*10^-7 -> 0.057265625
B6: =B5+C5+D5+E5+F5+G5+H5+I5+J5+K5 -> 4.716645

Sheet TR1_1  Moment
A1: Moment | B1: Toplam Moment | C1: Kesit | D1: Önerilen Hat tertibi | E1: Tercih edilen Hat tertibi | F1: Hat Seçimi | G1: Isıya göre kontrol
A3: 4565.7771 | B3: 24204.157 | C3: 86.443416 | D3: 8 | E3: 8 | F3: 3xOxlip+Rose/Aster | G3: UYGUNDUR
A4: 4381.1769 | B4: 19638.379 | C4: 70.13707 | D4: 7 | E4: 8 | F4: 3xOxlip+Rose/Aster | G4: UYGUNDUR
A5: 4196.5768 | B5: 15257.203 | C5: 54.490009 | D5: 6 | E5: 8 | F5: 3xOxlip+Rose/Aster | G5: UYGUNDUR
A6: 3619.086 | B6: 11060.626 | C6: 39.502235 | D6: 4 | E6: 8 | F6: 3xOxlip+Rose/Aster | G6: UYGUNDUR
D7: 1 | E7: 1 | F7: 5 x Rose | G7: UYGUNDUR
D8: 1 | E8: 1 | F8: 5 x Rose | G8: UYGUNDUR
D9: 1 | E9: 1 | F9: 5 x Rose | G9: UYGUNDUR
D10: 1 | E10: 1 | F10: 5 x Rose | G10: UYGUNDUR
A11: 3277.6783 | B11: 7441.5398 | C11: 26.576928 | D11: 2 | E11: 2 | F11: 3 x Lily + Rose/Lily | G11: UYGUNDUR
D12: 1 | E12: 1 | F12: 5 x Rose | G12: UYGUNDUR
D13: 1 | E13: 1 | F13: 5 x Rose | G13: UYGUNDUR
D14: 1 | E14: 1 | F14: 5 x Rose | G14: UYGUNDUR
D15: 1 | E15: 1 | F15: 5 x Rose | G15: UYGUNDUR
D16: 1 | E16: 1 | F16: 5 x Rose | G16: UYGUNDUR
D17: 1 | E17: 1 | F17: 5 x Rose | G17: UYGUNDUR
A18: 1361.1185 | B18: 4163.8615 | C18: 14.870934 | D18: 1 | E18: 1 | F18: 5 x Rose | G18: UYGUNDUR
A19: 1200.3112 | B19: 2802.7431 | C19: 10.009797 | D19: 1 | E19: 1 | F19: 5 x Rose | G19: UYGUNDUR
D20: 1 | E20: 1 | F20: 5 x Rose | G20: UYGUNDUR
D21: 1 | E21: 1 | F21: 5 x Rose | G21: UYGUNDUR
A22: 861.46738 | B22: 1602.4319 | C22: 5.722971 | D22: 1 | E22: 1 | F22: 5 x Rose | G22: UYGUNDUR
A23: 576.87547 | B23: 740.9645 | C23: 2.6463018 | D23: 1 | E23: 1 | F23: 5 x Rose | G23: UYGUNDUR
A24: 164.08902 | B24: 164.08902 | C24: 0.58603223 | D24: 1 | E24: 1 | F24: 5 x Rose | G24: UYGUNDUR

Sheet 5TR1_2 Gücü ve Akım
A1: Direk No | B1: Hat No | C1: Mesafe | D1: Kat Sayısı | E1: Güç Yoğunluğu | F1: Hat Gücü | G1: Direk Gücü | H1: Direk Akımı | I1: Hat Akımı | J1: Moment | K1: Toplam Moment | L1: Kesit | M1: Önerilen Hat tertibi | N1: Tercih edilen Hat tertibi | O1: Hat Seçimi | P1: Isıya göre kontrol
A2: TR1_2 | G2: =0.5*F3 -> 2362.5 | H2: =G2/(SQRT(3)*380) -> 3.5894474
A3: 23 | B3: 23 | C3: 35 | D3: 3 | E3: 45 | F3: =C3*D3*E3 -> 4725 | G3: =0.5*(F3+F4) -> 4725 | H3: =G3/(SQRT(3)*380) -> 7.1788948 | I3: =H3+I4 -> 95.240004 | J3: =I3*C3 -> 3333.4001 | K3: =J3+K4 -> 28712.434 | L3: =K3/(8*35) -> 102.54441 | M3: =IF(L3>[2]Veriler!$D$1,IF(L3>[2]Veriler!$D$2,IF(L3>[2]Veriler!$D$3,IF(L3>[2]Veriler!$D$4,IF(L3>[2]Veriler!$D$5,IF(L3>[2]Veriler!$D$6,IF(L3>[2]Veriler!$D$7,IF(L3>[2]Veriler!$D$8,"ders sorumlusuna başvur",[2]Veriler!$A$8),[2]Veriler!$A$7),[2]Veriler!$A$6),[2]Veriler!$A$5),[2]Veriler!$A$4),[2]Veriler!$A$3),[2]Veriler!$A$2),[2]Veriler!$A$1) -> 8 | N3: 8 | O3: =VLOOKUP(N3,[2]Veriler!A$1:C$8,2,FALSE) -> 3xOxlip+Rose/Aster | P3: =IF(I4<VLOOKUP(N4,[2]Veriler!A$1:E$8,5,FALSE)," UYGUNDUR","KESİT AKIMI TAŞIYAMIYOR") -> UYGUNDUR
A4: 24 | B4: 24 | C4: 35 | D4: 3 | E4: 45 | F4: =C4*D4*E4 -> 4725 | G4: =0.5*(F4+F5) -> 4725 | H4: =G4/(SQRT(3)*380) -> 7.1788948 | I4: =H4+I5 -> 88.061109 | J4: =I4*C4 -> 3082.1388 | K4: =J4+K5 -> 25379.034 | L4: =K4/(8*35) -> 90.639407 | M4: =IF(L4>[2]Veriler!$D$1,IF(L4>[2]Veriler!$D$2,IF(L4>[2]Veriler!$D$3,IF(L4>[2]Veriler!$D$4,IF(L4>[2]Veriler!$D$5,IF(L4>[2]Veriler!$D$6,IF(L4>[2]Veriler!$D$7,IF(L4>[2]Veriler!$D$8,"ders sorumlusuna başvur",[2]Veriler!$A$8),[2]Veriler!$A$7),[2]Veriler!$A$6),[2]Veriler!$A$5),[2]Veriler!$A$4),[2]Veriler!$A$3),[2]Veriler!$A$2),[2]Veriler!$A$1) -> 8 | N4: 8 | O4: =VLOOKUP(N4,[2]Veriler!A$1:C$8,2,FALSE) -> 3xOxlip+Rose/Aster | P4: =IF(I4<VLOOKUP(N4,[2]Veriler!A$1:E$8,5,FALSE)," UYGUNDUR","KESİT AKIMI TAŞIYAMIYOR") -> UYGUNDUR
A5: 25 | B5: 25 | C5: 35 | D5: 3 | E5: 45 | F5: =C5*D5*E5 -> 4725 | G5: =0.5*(F5+F6) -> 4725 | H5: =G5/(SQRT(3)*380) -> 7.1788948 | I5: =H5+I6 -> 80.882215 | J5: =I5*C5 -> 2830.8775 | K5: =J5+K6 -> 22296.895 | L5: =K5/(8*35) -> 79.631768 | M5: =IF(L5>[2]Veriler!$D$1,IF(L5>[2]Veriler!$D$2,IF(L5>[2]Veriler!$D$3,IF(L5>[2]Veriler!$D$4,IF(L5>[2]Veriler!$D$5,IF(L5>[2]Veriler!$D$6,IF(L5>[2]Veriler!$D$7,IF(L5>[2]Veriler!$D$8,"ders sorumlusuna başvur",[2]Veriler!$A$8),[2]Veriler!$A$7),[2]Veriler!$A$6),[2]Veriler!$A$5),[2]Veriler!$A$4),[2]Veriler!$A$3),[2]Veriler!$A$2),[2]Veriler!$A$1) -> 7 | N5: 8 | O5: =VLOOKUP(N5,[2]Veriler!A$1:C$8,2,FALSE) -> 3xOxlip+Rose/Aster | P5: =IF(I5<VLOOKUP(N5,[2]Veriler!A$1:E$8,5,FALSE)," UYGUNDUR","KESİT AKIMI TAŞIYAMIYOR") -> UYGUNDUR
A6: 26 | B6: 26 | C6: 35 | D6: 3 | E6: 45 | F6: =C6*D6*E6 -> 4725 | G6: =0.5*(F6+F7) -> 5062.5 | H6: =G6/(SQRT(3)*380) -> 7.691673 | I6: =H6+I7 -> 73.70332 | J6: =I6*C6 -> 2579.6162 | K6: =J6+K7 -> 19466.018 | L6: =K6/(8*35) -> 69.521492 | M6: =IF(L6>[2]Veriler!$D$1,IF(L6>[2]Veriler!$D$2,IF(L6>[2]Veriler!$D$3,IF(L6>[2]Veriler!$D$4,IF(L6>[2]Veriler!$D$5,IF(L6>[2]Veriler!$D$6,IF(L6>[2]Veriler!$D$7,IF(L6>[2]Veriler!$D$8,"ders sorumlusuna başvur",[2]Veriler!$A$8),[2]Veriler!$A$7),[2]Veriler!$A$6),[2]Veriler!$A$5),[2]Veriler!$A$4),[2]Veriler!$A$3),[2]Veriler!$A$2),[2]Veriler!$A$1) -> 7 | N6: 8 | O6: =VLOOKUP(N6,[2]Veriler!A$1:C$8,2,FALSE) -> 3xOxlip+Rose/Aster | P6: =IF(I6<VLOOKUP(N6,[2]Veriler!A$1:E$8,5,FALSE)," UYGUNDUR","KESİT AKIMI TAŞIYAMIYOR") -> UYGUNDUR
A7: 27 | B7: 27 | C7: 40 | D7: 3 | E7: 45 | F7: =C7*D7*E7 -> 5400 | G7: =0.5*(F7+F8+F11) -> 4050 | H7: =G7/(SQRT(3)*380) -> 6.1533384 | I7: =H7+I8 -> 66.011647 | J7: =I7*C7 -> 2640.4659 | K7: =J7+K8 -> 16886.401 | L7: =K7/(8*35) -> 60.308577 | M7: =IF(L7>[2]Veriler!$D$1,IF(L7>[2]Veriler!$D$2,IF(L7>[2]Veriler!$D$3,IF(L7>[2]Veriler!$D$4,IF(L7>[2]Veriler!$D$5,IF(L7>[2]Veriler!$D$6,IF(L7>[2]Veriler!$D$7,IF(L7>[2]Veriler!$D$8,"ders sorumlusuna başvur",[2]Veriler!$A$8),[2]Veriler!$A$7),[2]Veriler!$A$6),[2]Veriler!$A$5),[2]Veriler!$A$4),[2]Veriler!$A$3),[2]Veriler!$A$2),[2]Veriler!$A$1) -> 6 | N7: 8 | O7: =VLOOKUP(N7,[2]Veriler!A$1:C$8,2,FALSE) -> 3xOxlip+Rose/Aster | P7: =IF(I7<VLOOKUP(N7,[2]Veriler!A$1:E$8,5,FALSE)," UYGUNDUR","KESİT AKIMI TAŞIYAMIYOR") -> UYGUNDUR
A8: 28 | B8: 28 | C8: 16 | D8: 2 | E8: 45 | F8: =C8*D8*E8 -> 1440 | G8: =0.5*(F8+F9) -> 2520 | H8: =G8/(SQRT(3)*380) -> 3.8287439 | I8: =H8+I9 -> 59.858309 | J8: =I8*C8 -> 957.73294 | K8: =J8+K9 -> 14245.936 | L8: =K8/(8*35) -> 50.878341 | M8: =IF(L8>[2]Veriler!$D$1,IF(L8>[2]Veriler!$D$2,IF(L8>[2]Veriler!$D$3,IF(L8>[2]Veriler!$D$4,IF(L8>[2]Veriler!$D$5,IF(L8>[2]Veriler!$D$6,IF(L8>[2]Veriler!$D$7,IF(L8>[2]Veriler!$D$8,"ders sorumlusuna başvur",[2]Veriler!$A$8),[2]Veriler!$A$7),[2]Veriler!$A$6),[2]Veriler!$A$5),[2]Veriler!$A$4),[2]Veriler!$A$3),[2]Veriler!$A$2),[2]Veriler!$A$1) -> 5 | N8: 1 | O8: =VLOOKUP(N8,[2]Veriler!A$1:C$8,2,FALSE) -> 5 x Rose | P8: =IF(I8<VLOOKUP(N8,[2]Veriler!A$1:E$8,5,FALSE)," UYGUNDUR","KESİT AKIMI TAŞIYAMIYOR") -> UYGUNDUR
A9: 29 | B9: 29 | C9: 40 | D9: 2 | E9: 45 | F9: =C9*D9*E9 -> 3600 | G9: =0.5*(F9+F10) -> 3600 | H9: =G9/(SQRT(3)*380) -> 5.4696341 | I9: =H9+I10 -> 56.029565 | J9: =I9*C9 -> 2241.1826 | K9: =J9+K10 -> 13288.203 | L9: =K9/(8*35) -> 47.457867 | M9: =IF(L9>[2]Veriler!$D$1,IF(L9>[2]Veriler!$D$2,IF(L9>[2]Veriler!$D$3,IF(L9>[2]Veriler!$D$4,IF(L9>[2]Veriler!$D$5,IF(L9>[2]Veriler!$D$6,IF(L9>[2]Veriler!$D$7,IF(L9>[2]Veriler!$D$8,"ders sorumlusuna başvur",[2]Veriler!$A$8),[2]Veriler!$A$7),[2]Veriler!$A$6),[2]Veriler!$A$5),[2]Veriler!$A$4),[2]Veriler!$A$3),[2]Veriler!$A$2),[2]Veriler!$A$1) -> 5 | N9: 2 | O9: =VLOOKUP(N9,[2]Veriler!A$1:C$8,2,FALSE) -> 3 x Lily + Rose/Lily | P9: =IF(I9<VLOOKUP(N9,[2]Veriler!A$1:E$8,5,FALSE)," UYGUNDUR","KESİT AKIMI TAŞIYAMIYOR") -> UYGUNDUR
A10: 30 | B10: 30 | C10: 40 | D10: 2 | E10: 45 | F10: =C10*D10*E10 -> 3600 | G10: =0.5*(F10) -> 1800 | H10: =G10/(SQRT(3)*380) -> 2.7348171 | I10: =H10+I11 -> 50.55993 | J10: =I10*C10 -> 2022.3972 | K10: =J10+K11 -> 11047.02 | L10: =K10/(8*35) -> 39.453643 | M10: =IF(L10>[2]Veriler!$D$1,IF(L10>[2]Veriler!$D$2,IF(L10>[2]Veriler!$D$3,IF(L10>[2]Veriler!$D$4,IF(L10>[2]Veriler!$D$5,IF(L10>[2]Veriler!$D$6,IF(L10>[2]Veriler!$D$7,IF(L10>[2]Veriler!$D$8,"ders sorumlusuna başvur",[2]Veriler!$A$8),[2]Veriler!$A$7),[2]Veriler!$A$6),[2]Veriler!$A$5),[2]Veriler!$A$4),[2]Veriler!$A$3),[2]Veriler!$A$2),[2]Veriler!$A$1) -> 4 | N10: 1 | O10: =VLOOKUP(N10,[2]Veriler!A$1:C$8,2,FALSE) -> 5 x Rose | P10: =IF(I10<VLOOKUP(N10,[2]Veriler!A$1:E$8,5,FALSE)," UYGUNDUR","KESİT AKIMI TAŞIYAMIYOR") -> UYGUNDUR
A11: 31 | B11: 31 | C11: 14 | D11: 2 | E11: 45 | F11: =C11*D11*E11 -> 1260 | G11: =0.5*(F11+F12+F14) -> 4455 | H11: =G11/(SQRT(3)*380) -> 6.7686722 | I11: =H11+I12 -> 47.825113 | J11: =I11*C11 -> 669.55159 | K11: =J11+K12 -> 9024.6228 | L11: =K11/(8*35) -> 32.230796 | M11: =IF(L11>[2]Veriler!$D$1,IF(L11>[2]Veriler!$D$2,IF(L11>[2]Veriler!$D$3,IF(L11>[2]Veriler!$D$4,IF(L11>[2]Veriler!$D$5,IF(L11>[2]Veriler!$D$6,IF(L11>[2]Veriler!$D$7,IF(L11>[2]Veriler!$D$8,"ders sorumlusuna başvur",[2]Veriler!$A$8),[2]Veriler!$A$7),[2]Veriler!$A$6),[2]Veriler!$A$5),[2]Veriler!$A$4),[2]Veriler!$A$3),[2]Veriler!$A$2),[2]Veriler!$A$1) -> 3 | N11: 2 | O11: =VLOOKUP(N11,[2]Veriler!A$1:C$8,2,FALSE) -> 3 x Lily + Rose/Lily | P11: =IF(I11<VLOOKUP(N11,[2]Veriler!A$1:E$8,5,FALSE)," UYGUNDUR","KESİT AKIMI TAŞIYAMIYOR") -> UYGUNDUR
A12: 32 | B12: 32 | C12: 40 | D12: 2 | E12: 45 | F12: =C12*D12*E12 -> 3600 | G12: =0.5*(F12+F13) -> 3825 | H12: =G12/(SQRT(3)*380) -> 5.8114863 | I12: =H12+I13 -> 41.056441 | J12: =I12*C12 -> 1642.2576 | K12: =J12+K13 -> 8355.0712 | L12: =K12/(8*35) -> 29.83954 | M12: =IF(L12>[2]Veriler!$D$1,IF(L12>[2]Veriler!$D$2,IF(L12>[2]Veriler!$D$3,IF(L12>[2]Veriler!$D$4,IF(L12>[2]Veriler!$D$5,IF(L12>[2]Veriler!$D$6,IF(L12>[2]Veriler!$D$7,IF(L12>[2]Veriler!$D$8,"ders sorumlusuna başvur",[2]Veriler!$A$8),[2]Veriler!$A$7),[2]Veriler!$A$6),[2]Veriler!$A$5),[2]Veriler!$A$4),[2]Veriler!$A$3),[2]Veriler!$A$2),[2]Veriler!$A$1) -> 3 | N12: 1 | O12: =VLOOKUP(N12,[2]Veriler!A$1:C$8,2,FALSE) -> 5 x Rose | P12: =IF(I12<VLOOKUP(N12,[2]Veriler!A$1:E$8,5,FALSE)," UYGUNDUR","KESİT AKIMI TAŞIYAMIYOR") -> UYGUNDUR
A13: 33 | B13: 33 | C13: 40 | D13: 2 | E13: 45 | F13: =C15*D14*E13 -> 4050 | G13: =0.5*(F13) -> 2025 | H13: =G13/(SQRT(3)*380) -> 3.0766692 | I13: =H13+I14 -> 35.244955 | J13: =I13*C13 -> 1409.7982 | K13: =J13+K14 -> 6712.8136 | L13: =K13/(8*35) -> 23.974334 | M13: =IF(L13>[2]Veriler!$D$1,IF(L13>[2]Veriler!$D$2,IF(L13>[2]Veriler!$D$3,IF(L13>[2]Veriler!$D$4,IF(L13>[2]Veriler!$D$5,IF(L13>[2]Veriler!$D$6,IF(L13>[2]Veriler!$D$7,IF(L13>[2]Veriler!$D$8,"ders sorumlusuna başvur",[2]Veriler!$A$8),[2]Veriler!$A$7),[2]Veriler!$A$6),[2]Veriler!$A$5),[2]Veriler!$A$4),[2]Veriler!$A$3),[2]Veriler!$A$2),[2]Veriler!$A$1) -> 2 | N13: 1 | O13: =VLOOKUP(N13,[2]Veriler!A$1:C$8,2,FALSE) -> 5 x Rose | P13: =IF(I13<VLOOKUP(N13,[2]Veriler!A$1:E$8,5,FALSE)," UYGUNDUR","KESİT AKIMI TAŞIYAMIYOR") -> UYGUNDUR
A14: 34 | B14: 34 | C14: 40 | D14: 2 | E14: 45 | F14: =C15*D15*E15 -> 4050 | G14: =0.5*(F14+F15) -> 4050 | H14: =G14/(SQRT(3)*380) -> 6.1533384 | I14: =H14+I15 -> 32.168286 | J14: =I14*C14 -> 1286.7314 | K14: =J14+K15 -> 5303.0154 | L14: =K14/(8*35) -> 18.939341 | M14: =IF(L14>[2]Veriler!$D$1,IF(L14>[2]Veriler!$D$2,IF(L14>[2]Veriler!$D$3,IF(L14>[2]Veriler!$D$4,IF(L14>[2]Veriler!$D$5,IF(L14>[2]Veriler!$D$6,IF(L14>[2]Veriler!$D$7,IF(L14>[2]Veriler!$D$8,"ders sorumlusuna başvur",[2]Veriler!$A$8),[2]Veriler!$A$7),[2]Veriler!$A$6),[2]Veriler!$A$5),[2]Veriler!$A$4),[2]Veriler!$A$3),[2]Veriler!$A$2),[2]Veriler!$A$1) -> 1 | N14: 1 | O14: =VLOOKUP(N14,[2]Veriler!A$1:C$8,2,FALSE) -> 5 x Rose | P14: =IF(I14<VLOOKUP(N14,[2]Veriler!A$1:E$8,5,FALSE)," UYGUNDUR","KESİT AKIMI TAŞIYAMIYOR") -> UYGUNDUR
A15: 35 | B15: 35 | C15: 45 | D15: 2 | E15: 45 | F15: =C15*D15*E15 -> 4050 | G15: =0.5*(F15+F16+F18) -> 3825 | H15: =G15/(SQRT(3)*380) -> 5.8114863 | I15: =H15+I16 -> 26.014947 | J15: =I15*C15 -> 1170.6726 | K15: =J15+K16 -> 4016.284 | L15: =K15/(8*35) -> 14.343871 | M15: =IF(L15>[2]Veriler!$D$1,IF(L15>[2]Veriler!$D$2,IF(L15>[2]Veriler!$D$3,IF(L15>[2]Veriler!$D$4,IF(L15>[2]Veriler!$D$5,IF(L15>[2]Veriler!$D$6,IF(L15>[2]Veriler!$D$7,IF(L15>[2]Veriler!$D$8,"ders sorumlusuna başvur",[2]Veriler!$A$8),[2]Veriler!$A$7),[2]Veriler!$A$6),[2]Veriler!$A$5),[2]Veriler!$A$4),[2]Veriler!$A$3),[2]Veriler!$A$2),[2]Veriler!$A$1) -> 1 | N15: 1 | O15: =VLOOKUP(N15,[2]Veriler!A$1:C$8,2,FALSE) -> 5 x Rose | P15: =IF(I15<VLOOKUP(N15,[2]Veriler!A$1:E$8,5,FALSE)," UYGUNDUR","KESİT AKIMI TAŞIYAMIYOR") -> UYGUNDUR
A16: 36 | B16: 36 | C16: 20 | D16: 2 | E16: 45 | F16: =C16*D16*E16 -> 1800 | G16: =0.5*(F16+F17) -> 2700 | H16: =G16/(SQRT(3)*380) -> 4.1022256 | I16: =H16+I17 -> 20.203461 | J16: =I16*C16 -> 404.06922 | K16: =J16+K17 -> 2845.6113 | L16: =K16/(8*35) -> 10.162898 | M16: =IF(L16>[2]Veriler!$D$1,IF(L16>[2]Veriler!$D$2,IF(L16>[2]Veriler!$D$3,IF(L16>[2]Veriler!$D$4,IF(L16>[2]Veriler!$D$5,IF(L16>[2]Veriler!$D$6,IF(L16>[2]Veriler!$D$7,IF(L16>[2]Veriler!$D$8,"ders sorumlusuna başvur",[2]Veriler!$A$8),[2]Veriler!$A$7),[2]Veriler!$A$6),[2]Veriler!$A$5),[2]Veriler!$A$4),[2]Veriler!$A$3),[2]Veriler!$A$2),[2]Veriler!$A$1) -> 1 | N16: 1 | O16: =VLOOKUP(N16,[2]Veriler!A$1:C$8,2,FALSE) -> 5 x Rose | P16: =IF(I16<VLOOKUP(N16,[2]Veriler!A$1:E$8,5,FALSE)," UYGUNDUR","KESİT AKIMI TAŞIYAMIYOR") -> UYGUNDUR
A17: 37 | B17: 37 | C17: 40 | D17: 2 | E17: 45 | F17: =C17*D17*E17 -> 3600 | G17: =0.5*(F17) -> 1800 | H17: =G17/(SQRT(3)*380) -> 2.7348171 | I17: =H17+I18 -> 16.101235 | J17: =I17*C17 -> 644.04942 | K17: =J17+K18 -> 2441.5421 | L17: =K17/(8*35) -> 8.7197933 | M17: =IF(L17>[2]Veriler!$D$1,IF(L17>[2]Veriler!$D$2,IF(L17>[2]Veriler!$D$3,IF(L17>[2]Veriler!$D$4,IF(L17>[2]Veriler!$D$5,IF(L17>[2]Veriler!$D$6,IF(L17>[2]Veriler!$D$7,IF(L17>[2]Veriler!$D$8,"ders sorumlusuna başvur",[2]Veriler!$A$8),[2]Veriler!$A$7),[2]Veriler!$A$6),[2]Veriler!$A$5),[2]Veriler!$A$4),[2]Veriler!$A$3),[2]Veriler!$A$2),[2]Veriler!$A$1) -> 1 | N17: 1 | O17: =VLOOKUP(N17,[2]Veriler!A$1:C$8,2,FALSE) -> 5 x Rose | P17: =IF(I17<VLOOKUP(N17,[2]Veriler!A$1:E$8,5,FALSE)," UYGUNDUR","KESİT AKIMI TAŞIYAMIYOR") -> UYGUNDUR
A18: 38 | B18: 38 | C18: 40 | D18: 1 | E18: 45 | F18: =C18*D18*E18 -> 1800 | G18: =0.5*(F18+F19+F21) -> 2047.5 | H18: =G18/(SQRT(3)*380) -> 3.1108544 | I18: =H18+I19 -> 13.366418 | J18: =I18*C18 -> 534.65674 | K18: =J18+K19 -> 1797.4927 | L18: =K18/(8*35) -> 6.4196168 | M18: =IF(L18>[2]Veriler!$D$1,IF(L18>[2]Veriler!$D$2,IF(L18>[2]Veriler!$D$3,IF(L18>[2]Veriler!$D$4,IF(L18>[2]Veriler!$D$5,IF(L18>[2]Veriler!$D$6,IF(L18>[2]Veriler!$D$7,IF(L18>[2]Veriler!$D$8,"ders sorumlusuna başvur",[2]Veriler!$A$8),[2]Veriler!$A$7),[2]Veriler!$A$6),[2]Veriler!$A$5),[2]Veriler!$A$4),[2]Veriler!$A$3),[2]Veriler!$A$2),[2]Veriler!$A$1) -> 1 | N18: 1 | O18: =VLOOKUP(N18,[2]Veriler!A$1:C$8,2,FALSE) -> 5 x Rose | P18: =IF(I18<VLOOKUP(N18,[2]Veriler!A$1:E$8,5,FALSE)," UYGUNDUR","KESİT AKIMI TAŞIYAMIYOR") -> UYGUNDUR
A19: 39 | B19: 39 | C19: 11 | D19: 1 | E19: 45 | F19: =C19*D19*E19 -> 495 | G19: =0.5*(F19+F19) -> 495 | H19: =G19/(SQRT(3)*380) -> 0.75207469 | I19: =H19+I20 -> 10.255564 | J19: =I19*C19 -> 112.8112 | K19: =J19+K20 -> 1262.836 | L19: =K19/(8*35) -> 4.5101284 | M19: =IF(L19>[2]Veriler!$D$1,IF(L19>[2]Veriler!$D$2,IF(L19>[2]Veriler!$D$3,IF(L19>[2]Veriler!$D$4,IF(L19>[2]Veriler!$D$5,IF(L19>[2]Veriler!$D$6,IF(L19>[2]Veriler!$D$7,IF(L19>[2]Veriler!$D$8,"ders sorumlusuna başvur",[2]Veriler!$A$8),[2]Veriler!$A$7),[2]Veriler!$A$6),[2]Veriler!$A$5),[2]Veriler!$A$4),[2]Veriler!$A$3),[2]Veriler!$A$2),[2]Veriler!$A$1) -> 1 | N19: 1 | O19: =VLOOKUP(N16,[2]Veriler!A$1:C$8,2,FALSE) -> 5 x Rose | P19: =IF(I19<VLOOKUP(N19,[2]Veriler!A$1:E$8,5,FALSE)," UYGUNDUR","KESİT AKIMI TAŞIYAMIYOR") -> UYGUNDUR
A20: 40 | B20: 40 | C20: 40 | D20: 1 | E20: 45 | F20: =C20*D20*E20 -> 1800 | G20: =0.5*(F20) -> 900 | H20: =G20/(SQRT(3)*380) -> 1.3674085 | I20: =H20+I21 -> 9.5034893 | J20: =I20*C20 -> 380.13957 | K20: =J20+K21 -> 1150.0248 | L20: =K20/(8*35) -> 4.1072313 | M20: =IF(L20>[2]Veriler!$D$1,IF(L20>[2]Veriler!$D$2,IF(L20>[2]Veriler!$D$3,IF(L20>[2]Veriler!$D$4,IF(L20>[2]Veriler!$D$5,IF(L20>[2]Veriler!$D$6,IF(L20>[2]Veriler!$D$7,IF(L20>[2]Veriler!$D$8,"ders sorumlusuna başvur",[2]Veriler!$A$8),[2]Veriler!$A$7),[2]Veriler!$A$6),[2]Veriler!$A$5),[2]Veriler!$A$4),[2]Veriler!$A$3),[2]Veriler!$A$2),[2]Veriler!$A$1) -> 1 | N20: 1 | O20: =VLOOKUP(N17,[2]Veriler!A$1:C$8,2,FALSE) -> 5 x Rose | P20: =IF(I20<VLOOKUP(N20,[2]Veriler!A$1:E$8,5,FALSE)," UYGUNDUR","KESİT AKIMI TAŞIYAMIYOR") -> UYGUNDUR
A21: 41 | B21: 41 | C21: 40 | D21: 1 | E21: 45 | F21: =C21*D21*E21 -> 1800 | G21: =0.5*(F21+F22) -> 1327.5 | H21: =G21/(SQRT(3)*380) -> 2.0169276 | I21: =H21+I22 -> 8.1360808 | J21: =I21*C21 -> 325.44323 | K21: =J21+K22 -> 769.88519 | L21: =K21/(8*35) -> 2.74959 | M21: =IF(L21>[2]Veriler!$D$1,IF(L21>[2]Veriler!$D$2,IF(L21>[2]Veriler!$D$3,IF(L21>[2]Veriler!$D$4,IF(L21>[2]Veriler!$D$5,IF(L21>[2]Veriler!$D$6,IF(L21>[2]Veriler!$D$7,IF(L21>[2]Veriler!$D$8,"ders sorumlusuna başvur",[2]Veriler!$A$8),[2]Veriler!$A$7),[2]Veriler!$A$6),[2]Veriler!$A$5),[2]Veriler!$A$4),[2]Veriler!$A$3),[2]Veriler!$A$2),[2]Veriler!$A$1) -> 1 | N21: 1 | O21: =VLOOKUP(N18,[2]Veriler!A$1:C$8,2,FALSE) -> 5 x Rose | P21: =IF(I21<VLOOKUP(N21,[2]Veriler!A$1:E$8,5,FALSE)," UYGUNDUR","KESİT AKIMI TAŞIYAMIYOR") -> UYGUNDUR
A22: 42 | B22: 42 | C22: 19 | D22: 1 | E22: 45 | F22: =C22*D22*E22 -> 855 | G22: =0.5*(F22+F23) -> 1327.5 | H22: =G22/(SQRT(3)*380) -> 2.0169276 | I22: =H22+I23 -> 6.1191532 | J22: =I22*C22 -> 116.26391 | K22: =J22+K23 -> 444.44196 | L22: =K22/(8*35) -> 1.5872927 | M22: =IF(L22>[2]Veriler!$D$1,IF(L22>[2]Veriler!$D$2,IF(L22>[2]Veriler!$D$3,IF(L22>[2]Veriler!$D$4,IF(L22>[2]Veriler!$D$5,IF(L22>[2]Veriler!$D$6,IF(L22>[2]Veriler!$D$7,IF(L22>[2]Veriler!$D$8,"ders sorumlusuna başvur",[2]Veriler!$A$8),[2]Veriler!$A$7),[2]Veriler!$A$6),[2]Veriler!$A$5),[2]Veriler!$A$4),[2]Veriler!$A$3),[2]Veriler!$A$2),[2]Veriler!$A$1) -> 1 | N22: 1 | O22: =VLOOKUP(N19,[2]Veriler!A$1:C$8,2,FALSE) -> 5 x Rose | P22: =IF(I22<VLOOKUP(N22,[2]Veriler!A$1:E$8,5,FALSE)," UYGUNDUR","KESİT AKIMI TAŞIYAMIYOR") -> UYGUNDUR
A23: 43 | B23: 43 | C23: 40 | D23: 1 | E23: 45 | F23: =C23*D23*E23 -> 1800 | G23: =0.5*(F23+F24) -> 1800 | H23: =G23/(SQRT(3)*380) -> 2.7348171 | I23: =H23+I24 -> 4.1022256 | J23: =I23*C23 -> 164.08902 | K23: =J23+K24 -> 328.17805 | L23: =K23/(8*35) -> 1.1720645 | M23: =IF(L23>[2]Veriler!$D$1,IF(L23>[2]Veriler!$D$2,IF(L23>[2]Veriler!$D$3,IF(L23>[2]Veriler!$D$4,IF(L23>[2]Veriler!$D$5,IF(L23>[2]Veriler!$D$6,IF(L23>[2]Veriler!$D$7,IF(L23>[2]Veriler!$D$8,"ders sorumlusuna başvur",[2]Veriler!$A$8),[2]Veriler!$A$7),[2]Veriler!$A$6),[2]Veriler!$A$5),[2]Veriler!$A$4),[2]Veriler!$A$3),[2]Veriler!$A$2),[2]Veriler!$A$1) -> 1 | N23: 1 | O23: =VLOOKUP(N20,[2]Veriler!A$1:C$8,2,FALSE) -> 5 x Rose | P23: =IF(I23<VLOOKUP(N23,[2]Veriler!A$1:E$8,5,FALSE)," UYGUNDUR","KESİT AKIMI TAŞIYAMIYOR") -> UYGUNDUR
A24: 44 | B24: 44 | C24: 40 | D24: 1 | E24: 45 | F24: =C24*D24*E24 -> 1800 | G24: =0.5*(F24) -> 900 | H24: =G24/(SQRT(3)*380) -> 1.3674085 | I24: =H24 -> 1.3674085 | J24: =I24*C24 -> 54.696341 | K24: 164.08902 | L24: =K24/(8*35) -> 0.58603223 | M24: =IF(L24>[2]Veriler!$D$1,IF(L24>[2]Veriler!$D$2,IF(L24>[2]Veriler!$D$3,IF(L24>[2]Veriler!$D$4,IF(L24>[2]Veriler!$D$5,IF(L24>[2]Veriler!$D$6,IF(L24>[2]Veriler!$D$7,IF(L24>[2]Veriler!$D$8,"ders sorumlusuna başvur",[2]Veriler!$A$8),[2]Veriler!$A$7),[2]Veriler!$A$6),[2]Veriler!$A$5),[2]Veriler!$A$4),[2]Veriler!$A$3),[2]Veriler!$A$2),[2]Veriler!$A$1) -> 1 | N24: 1 | O24: =VLOOKUP(N21,[2]Veriler!A$1:C$8,2,FALSE) -> 5 x Rose | P24: =IF(I24<VLOOKUP(N24,[2]Veriler!A$1:E$8,5,FALSE)," UYGUNDUR","KESİT AKIMI TAŞIYAMIYOR") -> UYGUNDUR
A25: 45 | B25: 45 | C25: 10 | D25: 0 | E25: 45 | F25: =C25*D25*E25 -> 0 | G25: 0 | H25: =G25/(SQRT(3)*380) -> 0 | M25: =IF(L25>[2]Veriler!$D$1,IF(L25>[2]Veriler!$D$2,IF(L25>[2]Veriler!$D$3,IF(L25>[2]Veriler!$D$4,IF(L25>[2]Veriler!$D$5,IF(L25>[2]Veriler!$D$6,IF(L25>[2]Veriler!$D$7,IF(L25>[2]Veriler!$D$8,"ders sorumlusuna başvur",[2]Veriler!$A$8),[2]Veriler!$A$7),[2]Veriler!$A$6),[2]Veriler!$A$5),[2]Veriler!$A$4),[2]Veriler!$A$3),[2]Veriler!$A$2),[2]Veriler!$A$1) -> 1 | N25: 1 | O25: =VLOOKUP(N25,[2]Veriler!A$1:C$8,2,FALSE) -> 5 x Rose | P25: =IF(I25<VLOOKUP(N25,[2]Veriler!A$1:E$8,5,FALSE)," UYGUNDUR","KESİT AKIMI TAŞIYAMIYOR") -> UYGUNDUR
A26: 46 | B26: 46 | C26: 40 | D26: 0 | E26: 45 | F26: =C26*D26*E26 -> 0 | G26: 0 | H26: =G26/(SQRT(3)*380) -> 0 | M26: =IF(L26>[2]Veriler!$D$1,IF(L26>[2]Veriler!$D$2,IF(L26>[2]Veriler!$D$3,IF(L26>[2]Veriler!$D$4,IF(L26>[2]Veriler!$D$5,IF(L26>[2]Veriler!$D$6,IF(L26>[2]Veriler!$D$7,IF(L26>[2]Veriler!$D$8,"ders sorumlusuna başvur",[2]Veriler!$A$8),[2]Veriler!$A$7),[2]Veriler!$A$6),[2]Veriler!$A$5),[2]Veriler!$A$4),[2]Veriler!$A$3),[2]Veriler!$A$2),[2]Veriler!$A$1) -> 1 | N26: 1 | O26: =VLOOKUP(N26,[2]Veriler!A$1:C$8,2,FALSE) -> 5 x Rose | P26: =IF(I26<VLOOKUP(N26,[2]Veriler!A$1:E$8,5,FALSE)," UYGUNDUR","KESİT AKIMI TAŞIYAMIYOR") -> UYGUNDUR
A27: 47 | B27: 47 | C27: 40 | D27: 0 | E27: 45 | F27: =C27*D27*E27 -> 0 | G27: 0 | H27: =G27/(SQRT(3)*380) -> 0 | M27: =IF(L27>[2]Veriler!$D$1,IF(L27>[2]Veriler!$D$2,IF(L27>[2]Veriler!$D$3,IF(L27>[2]Veriler!$D$4,IF(L27>[2]Veriler!$D$5,IF(L27>[2]Veriler!$D$6,IF(L27>[2]Veriler!$D$7,IF(L27>[2]Veriler!$D$8,"ders sorumlusuna başvur",[2]Veriler!$A$8),[2]Veriler!$A$7),[2]Veriler!$A$6),[2]Veriler!$A$5),[2]Veriler!$A$4),[2]Veriler!$A$3),[2]Veriler!$A$2),[2]Veriler!$A$1) -> 1 | N27: 2 | O27: =VLOOKUP(N27,[2]Veriler!A$1:C$8,2,FALSE) -> 3 x Lily + Rose/Lily | P27: =IF(I27<VLOOKUP(N27,[2]Veriler!A$1:E$8,5,FALSE)," UYGUNDUR","KESİT AKIMI TAŞIYAMIYOR") -> UYGUNDUR
A28: 48 | B28: 48 | C28: 40 | D28: 0 | E28: 45 | F28: =C28*D28*E28 -> 0 | G28: 0 | H28: =G28/(SQRT(3)*380) -> 0 | M28: =IF(L28>[2]Veriler!$D$1,IF(L28>[2]Veriler!$D$2,IF(L28>[2]Veriler!$D$3,IF(L28>[2]Veriler!$D$4,IF(L28>[2]Veriler!$D$5,IF(L28>[2]Veriler!$D$6,IF(L28>[2]Veriler!$D$7,IF(L28>[2]Veriler!$D$8,"ders sorumlusuna başvur",[2]Veriler!$A$8),[2]Veriler!$A$7),[2]Veriler!$A$6),[2]Veriler!$A$5),[2]Veriler!$A$4),[2]Veriler!$A$3),[2]Veriler!$A$2),[2]Veriler!$A$1) -> 1 | N28: 1 | O28: =VLOOKUP(N28,[2]Veriler!A$1:C$8,2,FALSE) -> 5 x Rose | P28: =IF(I28<VLOOKUP(N28,[2]Veriler!A$1:E$8,5,FALSE)," UYGUNDUR","KESİT AKIMI TAŞIYAMIYOR") -> UYGUNDUR
A29: 49 | B29: 49 | C29: 40 | D29: 0 | E29: 45 | F29: =C29*D29*E29 -> 0 | G29: 0 | H29: =G29/(SQRT(3)*380) -> 0 | M29: =IF(L29>[2]Veriler!$D$1,IF(L29>[2]Veriler!$D$2,IF(L29>[2]Veriler!$D$3,IF(L29>[2]Veriler!$D$4,IF(L29>[2]Veriler!$D$5,IF(L29>[2]Veriler!$D$6,IF(L29>[2]Veriler!$D$7,IF(L29>[2]Veriler!$D$8,"ders sorumlusuna başvur",[2]Veriler!$A$8),[2]Veriler!$A$7),[2]Veriler!$A$6),[2]Veriler!$A$5),[2]Veriler!$A$4),[2]Veriler!$A$3),[2]Veriler!$A$2),[2]Veriler!$A$1) -> 1 | N29: 1 | O29: =VLOOKUP(N29,[2]Veriler!A$1:C$8,2,FALSE) -> 5 x Rose | P29: =IF(I29<VLOOKUP(N29,[2]Veriler!A$1:E$8,5,FALSE)," UYGUNDUR","KESİT AKIMI TAŞIYAMIYOR") -> UYGUNDUR
A30: 50 | B30: 50 | C30: 17 | D30: 0 | E30: 45 | F30: =C30*D30*E30 -> 0 | G30: 0 | H30: =G30/(SQRT(3)*380) -> 0 | M30: =IF(L30>[2]Veriler!$D$1,IF(L30>[2]Veriler!$D$2,IF(L30>[2]Veriler!$D$3,IF(L30>[2]Veriler!$D$4,IF(L30>[2]Veriler!$D$5,IF(L30>[2]Veriler!$D$6,IF(L30>[2]Veriler!$D$7,IF(L30>[2]Veriler!$D$8,"ders sorumlusuna başvur",[2]Veriler!$A$8),[2]Veriler!$A$7),[2]Veriler!$A$6),[2]Veriler!$A$5),[2]Veriler!$A$4),[2]Veriler!$A$3),[2]Veriler!$A$2),[2]Veriler!$A$1) -> 1 | N30: 1 | O30: =VLOOKUP(N30,[2]Veriler!A$1:C$8,2,FALSE) -> 5 x Rose | P30: =IF(I30<VLOOKUP(N30,[2]Veriler!A$1:E$8,5,FALSE)," UYGUNDUR","KESİT AKIMI TAŞIYAMIYOR") -> UYGUNDUR
A31: 51 | B31: 51 | C31: 30 | D31: 0 | E31: 45 | F31: =C31*D31*E31 -> 0 | G31: 0 | H31: =G31/(SQRT(3)*380) -> 0 | M31: =IF(L31>[2]Veriler!$D$1,IF(L31>[2]Veriler!$D$2,IF(L31>[2]Veriler!$D$3,IF(L31>[2]Veriler!$D$4,IF(L31>[2]Veriler!$D$5,IF(L31>[2]Veriler!$D$6,IF(L31>[2]Veriler!$D$7,IF(L31>[2]Veriler!$D$8,"ders sorumlusuna başvur",[2]Veriler!$A$8),[2]Veriler!$A$7),[2]Veriler!$A$6),[2]Veriler!$A$5),[2]Veriler!$A$4),[2]Veriler!$A$3),[2]Veriler!$A$2),[2]Veriler!$A$1) -> 1 | N31: 1 | O31: =VLOOKUP(N31,[2]Veriler!A$1:C$8,2,FALSE) -> 5 x Rose | P31: =IF(I31<VLOOKUP(N31,[2]Veriler!A$1:E$8,5,FALSE)," UYGUNDUR","KESİT AKIMI TAŞIYAMIYOR") -> UYGUNDUR
A32: 52 | B32: 52 | C32: 40 | D32: 0 | E32: 45 | F32: =C32*D32*E32 -> 0 | G32: 0 | H32: =G32/(SQRT(3)*380) -> 0 | M32: =IF(L32>[2]Veriler!$D$1,IF(L32>[2]Veriler!$D$2,IF(L32>[2]Veriler!$D$3,IF(L32>[2]Veriler!$D$4,IF(L32>[2]Veriler!$D$5,IF(L32>[2]Veriler!$D$6,IF(L32>[2]Veriler!$D$7,IF(L32>[2]Veriler!$D$8,"ders sorumlusuna başvur",[2]Veriler!$A$8),[2]Veriler!$A$7),[2]Veriler!$A$6),[2]Veriler!$A$5),[2]Veriler!$A$4),[2]Veriler!$A$3),[2]Veriler!$A$2),[2]Veriler!$A$1) -> 1 | N32: 1 | O32: =VLOOKUP(N32,[2]Veriler!A$1:C$8,2,FALSE) -> 5 x Rose | P32: =IF(I32<VLOOKUP(N32,[2]Veriler!A$1:E$8,5,FALSE)," UYGUNDUR","KESİT AKIMI TAŞIYAMIYOR") -> UYGUNDUR
A33: 53 | B33: 53 | C33: 40 | D33: 0 | E33: 45 | F33: =C33*D33*E33 -> 0 | G33: 0 | H33: =G33/(SQRT(3)*380) -> 0 | M33: =IF(L33>[2]Veriler!$D$1,IF(L33>[2]Veriler!$D$2,IF(L33>[2]Veriler!$D$3,IF(L33>[2]Veriler!$D$4,IF(L33>[2]Veriler!$D$5,IF(L33>[2]Veriler!$D$6,IF(L33>[2]Veriler!$D$7,IF(L33>[2]Veriler!$D$8,"ders sorumlusuna başvur",[2]Veriler!$A$8),[2]Veriler!$A$7),[2]Veriler!$A$6),[2]Veriler!$A$5),[2]Veriler!$A$4),[2]Veriler!$A$3),[2]Veriler!$A$2),[2]Veriler!$A$1) -> 1 | N33: 1 | O33: =VLOOKUP(N33,[2]Veriler!A$1:C$8,2,FALSE) -> 5 x Rose | P33: =IF(I33<VLOOKUP(N33,[2]Veriler!A$1:E$8,5,FALSE)," UYGUNDUR","KESİT AKIMI TAŞIYAMIYOR") -> UYGUNDUR
A34: 54 | B34: 54 | C34: 40 | D34: 0 | E34: 45 | F34: =C34*D34*E34 -> 0 | G34: 0 | H34: =G34/(SQRT(3)*380) -> 0 | M34: =IF(L34>[2]Veriler!$D$1,IF(L34>[2]Veriler!$D$2,IF(L34>[2]Veriler!$D$3,IF(L34>[2]Veriler!$D$4,IF(L34>[2]Veriler!$D$5,IF(L34>[2]Veriler!$D$6,IF(L34>[2]Veriler!$D$7,IF(L34>[2]Veriler!$D$8,"ders sorumlusuna başvur",[2]Veriler!$A$8),[2]Veriler!$A$7),[2]Veriler!$A$6),[2]Veriler!$A$5),[2]Veriler!$A$4),[2]Veriler!$A$3),[2]Veriler!$A$2),[2]Veriler!$A$1) -> 1 | N34: 1 | O34: =VLOOKUP(N34,[2]Veriler!A$1:C$8,2,FALSE) -> 5 x Rose | P34: =IF(I34<VLOOKUP(N34,[2]Veriler!A$1:E$8,5,FALSE)," UYGUNDUR","KESİT AKIMI TAŞIYAMIYOR") -> UYGUNDUR
A35: 55 | B35: 55 | C35: 40 | D35: 0 | E35: 45 | F35: =C35*D35*E35 -> 0 | G35: 0 | H35: =G35/(SQRT(3)*380) -> 0 | M35: =IF(L35>[2]Veriler!$D$1,IF(L35>[2]Veriler!$D$2,IF(L35>[2]Veriler!$D$3,IF(L35>[2]Veriler!$D$4,IF(L35>[2]Veriler!$D$5,IF(L35>[2]Veriler!$D$6,IF(L35>[2]Veriler!$D$7,IF(L35>[2]Veriler!$D$8,"ders sorumlusuna başvur",[2]Veriler!$A$8),[2]Veriler!$A$7),[2]Veriler!$A$6),[2]Veriler!$A$5),[2]Veriler!$A$4),[2]Veriler!$A$3),[2]Veriler!$A$2),[2]Veriler!$A$1) -> 1 | N35: 1 | O35: =VLOOKUP(N32,[2]Veriler!A$1:C$8,2,FALSE) -> 5 x Rose | P35: =IF(I35<VLOOKUP(N35,[2]Veriler!A$1:E$8,5,FALSE)," UYGUNDUR","KESİT AKIMI TAŞIYAMIYOR") -> UYGUNDUR
A36: 56 | B36: 56 | C36: 40 | D36: 0 | E36: 45 | F36: =C36*D36*E36 -> 0 | G36: 0 | H36: =G36/(SQRT(3)*380) -> 0 | M36: =IF(L36>[2]Veriler!$D$1,IF(L36>[2]Veriler!$D$2,IF(L36>[2]Veriler!$D$3,IF(L36>[2]Veriler!$D$4,IF(L36>[2]Veriler!$D$5,IF(L36>[2]Veriler!$D$6,IF(L36>[2]Veriler!$D$7,IF(L36>[2]Veriler!$D$8,"ders sorumlusuna başvur",[2]Veriler!$A$8),[2]Veriler!$A$7),[2]Veriler!$A$6),[2]Veriler!$A$5),[2]Veriler!$A$4),[2]Veriler!$A$3),[2]Veriler!$A$2),[2]Veriler!$A$1) -> 1 | N36: 1 | O36: =VLOOKUP(N33,[2]Veriler!A$1:C$8,2,FALSE) -> 5 x Rose | P36: =IF(I36<VLOOKUP(N36,[2]Veriler!A$1:E$8,5,FALSE)," UYGUNDUR","KESİT AKIMI TAŞIYAMIYOR") -> UYGUNDUR
A37: 57 | B37: 57 | C37: 40 | D37: 0 | E37: 45 | F37: =C37*D37*E37 -> 0 | G37: 0 | H37: =G37/(SQRT(3)*380) -> 0 | M37: =IF(L37>[2]Veriler!$D$1,IF(L37>[2]Veriler!$D$2,IF(L37>[2]Veriler!$D$3,IF(L37>[2]Veriler!$D$4,IF(L37>[2]Veriler!$D$5,IF(L37>[2]Veriler!$D$6,IF(L37>[2]Veriler!$D$7,IF(L37>[2]Veriler!$D$8,"ders sorumlusuna başvur",[2]Veriler!$A$8),[2]Veriler!$A$7),[2]Veriler!$A$6),[2]Veriler!$A$5),[2]Veriler!$A$4),[2]Veriler!$A$3),[2]Veriler!$A$2),[2]Veriler!$A$1) -> 1 | N37: 1 | O37: =VLOOKUP(N34,[2]Veriler!A$1:C$8,2,FALSE) -> 5 x Rose | P37: =IF(I37<VLOOKUP(N37,[2]Veriler!A$1:E$8,5,FALSE)," UYGUNDUR","KESİT AKIMI TAŞIYAMIYOR") -> UYGUNDUR
A38: 58 | B38: 58 | C38: 40 | D38: 0 | E38: 45 | F38: =C38*D38*E38 -> 0 | G38: 0 | H38: =G38/(SQRT(3)*380) -> 0 | M38: =IF(L38>[2]Veriler!$D$1,IF(L38>[2]Veriler!$D$2,IF(L38>[2]Veriler!$D$3,IF(L38>[2]Veriler!$D$4,IF(L38>[2]Veriler!$D$5,IF(L38>[2]Veriler!$D$6,IF(L38>[2]Veriler!$D$7,IF(L38>[2]Veriler!$D$8,"ders sorumlusuna başvur",[2]Veriler!$A$8),[2]Veriler!$A$7),[2]Veriler!$A$6),[2]Veriler!$A$5),[2]Veriler!$A$4),[2]Veriler!$A$3),[2]Veriler!$A$2),[2]Veriler!$A$1) -> 1 | N38: 1 | O38: =VLOOKUP(N35,[2]Veriler!A$1:C$8,2,FALSE) -> 5 x Rose | P38: =IF(I38<VLOOKUP(N38,[2]Veriler!A$1:E$8,5,FALSE)," UYGUNDUR","KESİT AKIMI TAŞIYAMIYOR") -> UYGUNDUR
A39: 59 | B39: 59 | C39: 40 | D39: 0 | E39: 45 | F39: =C39*D39*E39 -> 0 | G39: 0 | H39: =G39/(SQRT(3)*380) -> 0 | M39: =IF(L39>[2]Veriler!$D$1,IF(L39>[2]Veriler!$D$2,IF(L39>[2]Veriler!$D$3,IF(L39>[2]Veriler!$D$4,IF(L39>[2]Veriler!$D$5,IF(L39>[2]Veriler!$D$6,IF(L39>[2]Veriler!$D$7,IF(L39>[2]Veriler!$D$8,"ders sorumlusuna başvur",[2]Veriler!$A$8),[2]Veriler!$A$7),[2]Veriler!$A$6),[2]Veriler!$A$5),[2]Veriler!$A$4),[2]Veriler!$A$3),[2]Veriler!$A$2),[2]Veriler!$A$1) -> 1 | N39: 1 | O39: =VLOOKUP(N36,[2]Veriler!A$1:C$8,2,FALSE) -> 5 x Rose | P39: =IF(I39<VLOOKUP(N39,[2]Veriler!A$1:E$8,5,FALSE)," UYGUNDUR","KESİT AKIMI TAŞIYAMIYOR") -> UYGUNDUR
A40: 60 | B40: 60 | C40: 31 | D40: 0 | E40: 45 | F40: =C40*D40*E40 -> 0 | G40: 0 | H40: =G40/(SQRT(3)*380) -> 0 | M40: =IF(L40>[2]Veriler!$D$1,IF(L40>[2]Veriler!$D$2,IF(L40>[2]Veriler!$D$3,IF(L40>[2]Veriler!$D$4,IF(L40>[2]Veriler!$D$5,IF(L40>[2]Veriler!$D$6,IF(L40>[2]Veriler!$D$7,IF(L40>[2]Veriler!$D$8,"ders sorumlusuna başvur",[2]Veriler!$A$8),[2]Veriler!$A$7),[2]Veriler!$A$6),[2]Veriler!$A$5),[2]Veriler!$A$4),[2]Veriler!$A$3),[2]Veriler!$A$2),[2]Veriler!$A$1) -> 1 | N40: 1 | O40: =VLOOKUP(N37,[2]Veriler!A$1:C$8,2,FALSE) -> 5 x Rose | P40: =IF(I40<VLOOKUP(N40,[2]Veriler!A$1:E$8,5,FALSE)," UYGUNDUR","KESİT AKIMI TAŞIYAMIYOR") -> UYGUNDUR
A41: 61 | B41: 61 | C41: 31 | D41: 0 | E41: 45 | F41: =C41*D41*E41 -> 0 | G41: 0 | H41: =G41/(SQRT(3)*380) -> 0 | M41: =IF(L41>[2]Veriler!$D$1,IF(L41>[2]Veriler!$D$2,IF(L41>[2]Veriler!$D$3,IF(L41>[2]Veriler!$D$4,IF(L41>[2]Veriler!$D$5,IF(L41>[2]Veriler!$D$6,IF(L41>[2]Veriler!$D$7,IF(L41>[2]Veriler!$D$8,"ders sorumlusuna başvur",[2]Veriler!$A$8),[2]Veriler!$A$7),[2]Veriler!$A$6),[2]Veriler!$A$5),[2]Veriler!$A$4),[2]Veriler!$A$3),[2]Veriler!$A$2),[2]Veriler!$A$1) -> 1 | N41: 1 | O41: =VLOOKUP(N41,[2]Veriler!A$1:C$8,2,FALSE) -> 5 x Rose | P41: =IF(I41<VLOOKUP(N41,[2]Veriler!A$1:E$8,5,FALSE)," UYGUNDUR","KESİT AKIMI TAŞIYAMIYOR") -> UYGUNDUR
A42: 62 | B42: 62 | C42: 40 | D42: 0 | E42: 45 | F42: =C42*D42*E42 -> 0 | G42: 0 | H42: =G42/(SQRT(3)*380) -> 0 | M42: =IF(L42>[2]Veriler!$D$1,IF(L42>[2]Veriler!$D$2,IF(L42>[2]Veriler!$D$3,IF(L42>[2]Veriler!$D$4,IF(L42>[2]Veriler!$D$5,IF(L42>[2]Veriler!$D$6,IF(L42>[2]Veriler!$D$7,IF(L42>[2]Veriler!$D$8,"ders sorumlusuna başvur",[2]Veriler!$A$8),[2]Veriler!$A$7),[2]Veriler!$A$6),[2]Veriler!$A$5),[2]Veriler!$A$4),[2]Veriler!$A$3),[2]Veriler!$A$2),[2]Veriler!$A$1) -> 1 | N42: 1 | O42: =VLOOKUP(N42,[2]Veriler!A$1:C$8,2,FALSE) -> 5 x Rose | P42: =IF(I42<VLOOKUP(N42,[2]Veriler!A$1:E$8,5,FALSE)," UYGUNDUR","KESİT AKIMI TAŞIYAMIYOR") -> UYGUNDUR
A43: 63 | B43: 63 | C43: 37 | D43: 0 | E43: 45 | F43: =C43*D43*E43 -> 0 | G43: 0 | H43: =G43/(SQRT(3)*380) -> 0 | M43: =IF(L43>[2]Veriler!$D$1,IF(L43>[2]Veriler!$D$2,IF(L43>[2]Veriler!$D$3,IF(L43>[2]Veriler!$D$4,IF(L43>[2]Veriler!$D$5,IF(L43>[2]Veriler!$D$6,IF(L43>[2]Veriler!$D$7,IF(L43>[2]Veriler!$D$8,"ders sorumlusuna başvur",[2]Veriler!$A$8),[2]Veriler!$A$7),[2]Veriler!$A$6),[2]Veriler!$A$5),[2]Veriler!$A$4),[2]Veriler!$A$3),[2]Veriler!$A$2),[2]Veriler!$A$1) -> 1 | N43: 2 | O43: =VLOOKUP(N43,[2]Veriler!A$1:C$8,2,FALSE) -> 3 x Lily + Rose/Lily | P43: =IF(I43<VLOOKUP(N43,[2]Veriler!A$1:E$8,5,FALSE)," UYGUNDUR","KESİT AKIMI TAŞIYAMIYOR") -> UYGUNDUR
A44: 64 | B44: 64 | C44: 37 | D44: 0 | E44: 45 | F44: =C44*D44*E44 -> 0 | G44: 0 | H44: =G44/(SQRT(3)*380) -> 0 | M44: =IF(L44>[2]Veriler!$D$1,IF(L44>[2]Veriler!$D$2,IF(L44>[2]Veriler!$D$3,IF(L44>[2]Veriler!$D$4,IF(L44>[2]Veriler!$D$5,IF(L44>[2]Veriler!$D$6,IF(L44>[2]Veriler!$D$7,IF(L44>[2]Veriler!$D$8,"ders sorumlusuna başvur",[2]Veriler!$A$8),[2]Veriler!$A$7),[2]Veriler!$A$6),[2]Veriler!$A$5),[2]Veriler!$A$4),[2]Veriler!$A$3),[2]Veriler!$A$2),[2]Veriler!$A$1) -> 1 | N44: 1 | O44: =VLOOKUP(N44,[2]Veriler!A$1:C$8,2,FALSE) -> 5 x Rose | P44: =IF(I44<VLOOKUP(N44,[2]Veriler!A$1:E$8,5,FALSE)," UYGUNDUR","KESİT AKIMI TAŞIYAMIYOR") -> UYGUNDUR
A45: 65 | B45: 65 | C45: 37 | D45: 0 | E45: 45 | F45: =C45*D45*E45 -> 0 | G45: 0 | H45: =G45/(SQRT(3)*380) -> 0 | M45: =IF(L45>[2]Veriler!$D$1,IF(L45>[2]Veriler!$D$2,IF(L45>[2]Veriler!$D$3,IF(L45>[2]Veriler!$D$4,IF(L45>[2]Veriler!$D$5,IF(L45>[2]Veriler!$D$6,IF(L45>[2]Veriler!$D$7,IF(L45>[2]Veriler!$D$8,"ders sorumlusuna başvur",[2]Veriler!$A$8),[2]Veriler!$A$7),[2]Veriler!$A$6),[2]Veriler!$A$5),[2]Veriler!$A$4),[2]Veriler!$A$3),[2]Veriler!$A$2),[2]Veriler!$A$1) -> 1 | N45: 1 | O45: =VLOOKUP(N45,[2]Veriler!A$1:C$8,2,FALSE) -> 5 x Rose | P45: =IF(I45<VLOOKUP(N45,[2]Veriler!A$1:E$8,5,FALSE)," UYGUNDUR","KESİT AKIMI TAŞIYAMIYOR") -> UYGUNDUR
A46: 66 | B46: 66 | C46: 37 | D46: 0 | E46: 45 | F46: =C46*D46*E46 -> 0 | G46: 0 | H46: =G46/(SQRT(3)*380) -> 0 | M46: =IF(L46>[2]Veriler!$D$1,IF(L46>[2]Veriler!$D$2,IF(L46>[2]Veriler!$D$3,IF(L46>[2]Veriler!$D$4,IF(L46>[2]Veriler!$D$5,IF(L46>[2]Veriler!$D$6,IF(L46>[2]Veriler!$D$7,IF(L46>[2]Veriler!$D$8,"ders sorumlusuna başvur",[2]Veriler!$A$8),[2]Veriler!$A$7),[2]Veriler!$A$6),[2]Veriler!$A$5),[2]Veriler!$A$4),[2]Veriler!$A$3),[2]Veriler!$A$2),[2]Veriler!$A$1) -> 1 | N46: 1 | O46: =VLOOKUP(N46,[2]Veriler!A$1:C$8,2,FALSE) -> 5 x Rose | P46: =IF(I46<VLOOKUP(N46,[2]Veriler!A$1:E$8,5,FALSE)," UYGUNDUR","KESİT AKIMI TAŞIYAMIYOR") -> UYGUNDUR
A47: 67 | B47: 67 | C47: 37 | D47: 0 | E47: 45 | F47: =C47*D47*E47 -> 0 | G47: 0 | H47: =G47/(SQRT(3)*380) -> 0 | M47: =IF(L47>[2]Veriler!$D$1,IF(L47>[2]Veriler!$D$2,IF(L47>[2]Veriler!$D$3,IF(L47>[2]Veriler!$D$4,IF(L47>[2]Veriler!$D$5,IF(L47>[2]Veriler!$D$6,IF(L47>[2]Veriler!$D$7,IF(L47>[2]Veriler!$D$8,"ders sorumlusuna başvur",[2]Veriler!$A$8),[2]Veriler!$A$7),[2]Veriler!$A$6),[2]Veriler!$A$5),[2]Veriler!$A$4),[2]Veriler!$A$3),[2]Veriler!$A$2),[2]Veriler!$A$1) -> 1 | N47: 1 | O47: =VLOOKUP(N47,[2]Veriler!A$1:C$8,2,FALSE) -> 5 x Rose | P47: =IF(I47<VLOOKUP(N47,[2]Veriler!A$1:E$8,5,FALSE)," UYGUNDUR","KESİT AKIMI TAŞIYAMIYOR") -> UYGUNDUR
A48: 68 | B48: 68 | C48: 37 | D48: 0 | E48: 45 | F48: =C48*D48*E48 -> 0 | G48: 0 | H48: =G48/(SQRT(3)*380) -> 0 | M48: =IF(L48>[2]Veriler!$D$1,IF(L48>[2]Veriler!$D$2,IF(L48>[2]Veriler!$D$3,IF(L48>[2]Veriler!$D$4,IF(L48>[2]Veriler!$D$5,IF(L48>[2]Veriler!$D$6,IF(L48>[2]Veriler!$D$7,IF(L48>[2]Veriler!$D$8,"ders sorumlusuna başvur",[2]Veriler!$A$8),[2]Veriler!$A$7),[2]Veriler!$A$6),[2]Veriler!$A$5),[2]Veriler!$A$4),[2]Veriler!$A$3),[2]Veriler!$A$2),[2]Veriler!$A$1) -> 1 | N48: 1 | O48: =VLOOKUP(N48,[2]Veriler!A$1:C$8,2,FALSE) -> 5 x Rose | P48: =IF(I48<VLOOKUP(N48,[2]Veriler!A$1:E$8,5,FALSE)," UYGUNDUR","KESİT AKIMI TAŞIYAMIYOR") -> UYGUNDUR
A49: 69 | B49: 69 | C49: 37 | D49: 0 | E49: 45 | F49: =C49*D49*E49 -> 0 | G49: 0 | H49: =G49/(SQRT(3)*380) -> 0 | M49: =IF(L49>[2]Veriler!$D$1,IF(L49>[2]Veriler!$D$2,IF(L49>[2]Veriler!$D$3,IF(L49>[2]Veriler!$D$4,IF(L49>[2]Veriler!$D$5,IF(L49>[2]Veriler!$D$6,IF(L49>[2]Veriler!$D$7,IF(L49>[2]Veriler!$D$8,"ders sorumlusuna başvur",[2]Veriler!$A$8),[2]Veriler!$A$7),[2]Veriler!$A$6),[2]Veriler!$A$5),[2]Veriler!$A$4),[2]Veriler!$A$3),[2]Veriler!$A$2),[2]Veriler!$A$1) -> 1 | N49: 1 | O49: =VLOOKUP(N49,[2]Veriler!A$1:C$8,2,FALSE) -> 5 x Rose | P49: =IF(I49<VLOOKUP(N49,[2]Veriler!A$1:E$8,5,FALSE)," UYGUNDUR","KESİT AKIMI TAŞIYAMIYOR") -> UYGUNDUR

Sheet 5TR1_2 Abone
A1: AKTİF GÜÇ
A2: Branşman Noktasına İrca Edilen Yük | C2: 17.5 | E2: 100 | G2: 175.5 | I2: 129.5 | K2: 122.5 | M2: 129.5 | O2: 69.5
A3: Hat Yükleri (m) | B3: =D3+C2 -> 744 | D3: =F3+E2 -> 726.5 | F3: =H3+G2 -> 626.5 | H3: =J3+I2 -> 451 | J3: =L3+K2 -> 321.5 | L3: =N3+M2 -> 199 | N3: 69.5
A4: Güç Yoğunluğu (J) | B4: 45 | D4: 45 | F4: 45 | H4: 45 | J4: 45 | L4: 45 | N4: 45
A5: Ktri | B5: 7.75 | D5: 1.84 | F5: 1.84 | H5: 7.42 | J5: 9.36 | L5: 9.36 | N5: 9.36
A6: %e | B6: =B5*B4*B3*10^-7*10 -> 0.25947 | D6: =D5*D4*D3*10^-7*35 -> 0.2105397 | F6: =F5*F4*F3*10^-7*145 -> 0.7521759 | H6: =H5*H4*H3*10^-7*14 -> 0.21082446 | J6: =J5*J4*J3*10^-7*85 -> 1.1510343 | L6: =L5*L4*L3*10^-7*40 -> 0.3352752 | N6: =N5*N4*N3*10^-7*139 -> 0.40690026
B7: Toplam %e = 3.32522082 < 5 uygundur

Sheet 5TR1_2 Aydınlatma
A1: AKTİF GÜÇ
A2: Branşman Noktasına İrca Edilen Yük | B2: 125 | C2: 1875 | D2: 1000 | E2: 125 | F2: 125 | G2: 125 | H2: 125 | I2: 125 | J2: 125 | K2: 125 | L2: 125 | M2: 125 | N2: 125 | O2: 125 | P2: 125 | Q2: 125 | R2: 125 | S2: 125 | T2: 125 | U2: 125
A3: Hat Yükleri (m) | B3: 6125 | C3: 6000 | D3: 4125 | E3: 3125 | F3: 2000 | G3: 1875 | H3: 1750 | I3: 1625 | J3: 1500 | K3: 1375 | L3: 1250 | M3: 1125 | N3: 1000 | O3: 875 | P3: 750 | Q3: 625 | R3: 500 | S3: 375 | T3: 250 | U3: 125
A4: Kmono
A5: %e

Sheet 5TR1_2 Moment 
A1: Moment | B1: Toplam Moment | C1: Kesit | D1: Önerilen Hat tertibi | E1: Tercih edilen Hat tertibi | F1: Hat Seçimi | G1: Isıya göre kontrol
A3: 3333.4001 | B3: 28712.434 | C3: 102.54441 | D3: 8 | E3: 8 | F3: 3xOxlip+Rose/Aster | G3: UYGUNDUR
A4: 3082.1388 | B4: 25379.034 | C4: 90.639407 | D4: 8 | E4: 8 | F4: 3xOxlip+Rose/Aster | G4: UYGUNDUR
A5: 2830.8775 | B5: 22296.895 | C5: 79.631768 | D5: 7 | E5: 8 | F5: 3xOxlip+Rose/Aster | G5: UYGUNDUR
A6: 2579.6162 | B6: 19466.018 | C6: 69.521492 | D6: 7 | E6: 8 | F6: 3xOxlip+Rose/Aster | G6: UYGUNDUR
A7: 2640.4659 | B7: 16886.401 | C7: 60.308577 | D7: 6 | E7: 8 | F7: 3xOxlip+Rose/Aster | G7: UYGUNDUR
A8: 957.73294 | B8: 14245.936 | C8: 50.878341 | D8: 5 | E8: 1 | F8: 5 x Rose | G8: UYGUNDUR
A9: 2241.1826 | B9: 13288.203 | C9: 47.457867 | D9: 5 | E9: 2 | F9: 3 x Lily + Rose/Lily | G9: UYGUNDUR
A10: 2022.3972 | B10: 11047.02 | C10: 39.453643 | D10: 4 | E10: 1 | F10: 5 x Rose | G10: UYGUNDUR
A11: 669.55159 | B11: 9024.6228 | C11: 32.230796 | D11: 3 | E11: 2 | F11: 3 x Lily + Rose/Lily | G11: UYGUNDUR
A12: 1642.2576 | B12: 8355.0712 | C12: 29.83954 | D12: 3 | E12: 1 | F12: 5 x Rose | G12: UYGUNDUR
A13: 1409.7982 | B13: 6712.8136 | C13: 23.974334 | D13: 2 | E13: 1 | F13: 5 x Rose | G13: UYGUNDUR
A14: 1286.7314 | B14: 5303.0154 | C14: 18.939341 | D14: 1 | E14: 1 | F14: 5 x Rose | G14: UYGUNDUR
... A24: 54.696341 | B24: 164.08902 | C24: 0.58603223 | D24: 1 | E24: 1 | F24: 5 x Rose | G24: UYGUNDUR
D25: 1 | E25: 1 | F25: 5 x Rose | G25: UYGUNDUR
D26: 1 | E26: 1 | F26: 5 x Rose | G26: UYGUNDUR
D27: 1 | E27: 2 | F27: 3 x Lily + Rose/Lily | G27: UYGUNDUR
D28: 1 | E28: 1 | F28: 5 x Rose | G28: UYGUNDUR
D29: 1 | E29: 1 | F29: 5 x Rose | G29: UYGUNDUR
D30: 1 | E30: 1 | F30: 5 x Rose | G30: UYGUNDUR
D31: 1 | E31: 1 | F31: 5 x Rose | G31: UYGUNDUR
D32: 1 | E32: 1 | F32: 5 x Rose | G32: UYGUNDUR
D33: 1 | E33: 1 | F33: 5 x Rose | G33: UYGUNDUR
D34: 1 | E34: 1 | F34: 5 x Rose | G34: UYGUNDUR
D35: 1 | E35: 1 | F35: 5 x Rose | G35: UYGUNDUR
D36: 1 | E36: 1 | F36: 5 x Rose | G36: UYGUNDUR
... D49: 1 | E49: 1 | F49: 5 x Rose | G49: UYGUNDUR

Sheet 5TR1_3 Gücü ve Akım
A1: Direk No | B1: Hat No | C1: Mesafe | D1: Kat Sayısı | E1: Güç Yoğunluğu | F1: Hat Gücü | G1: Direk Gücü | H1: Direk Akımı | I1: Hat Akımı | J1: Moment | K1: Toplam Moment | L1: Kesit | M1: Önerilen Hat tertibi | N1: Tercih edilen Hat tertibi | O1: Hat Seçimi | P1: Isıya göre kontrol
A2: TR1_3 | G2: =0.5*(F3) -> 1687.5 | H2: =G2/(SQRT(3)*380) -> 2.563891
A3: 70 | B3: 70 | C3: 25 | D3: 3 | E3: 45 | F3: =C3*D3*E3 -> 3375 | G3: =0.5*(F3+F4) -> 3375 | H3: =G3/(SQRT(3)*380) -> 5.127782 | I3: =H3+I4 -> 156.87594 | J3: =I3*C3 -> 3921.8986 | K3: =J3+K4 -> 18915.807 | L3: =K3/(8*35) -> 67.556453 | M3: =IF(L3>Veriler!$D$1,IF(L3>Veriler!$D$2,IF(L3>Veriler!$D$3,IF(L3>Veriler!$D$4,IF(L3>Veriler!$D$5,IF(L3>Veriler!$D$6,IF(L3>Veriler!$D$7,IF(L3>Veriler!$D$8,"ders sorumlusuna başvur",Veriler!$A$8),Veriler!$A$7),Veriler!$A$6),Veriler!$A$5),Veriler!$A$4),Veriler!$A$3),Veriler!$A$2),Veriler!$A$1) -> 7 | N3: 7 | O3: =VLOOKUP(N3,Veriler!A$1:C$8,2,FALSE) -> 3xPhlox + Rose/Poppy | P3: =IF(I4<VLOOKUP(N4,Veriler!A$1:E$8,5,FALSE)," UYGUNDUR","KESİT AKIMI TAŞIYAMIYOR") -> UYGUNDUR
A4: 71 | B4: 71 | C4: 25 | D4: 3 | E4: 45 | F4: =C4*D4*E4 -> 3375 | G4: =0.5*(F4+F5+F23) -> 5872.5 | H4: =G4/(SQRT(3)*380) -> 8.9223407 | I4: =H4+H5+H6+H7+H8+H9+H10+H11+H12+H13+H14+H15+H16+H17+H18+H19+H20+H21+H22+I23 -> 151.74816 | J4: =I4*C4 -> 3793.7041 | K4: =J4+K23 -> 14993.908 | L4: =K4/(8*35) -> 53.549672 | M4: =IF(L4>Veriler!$D$1,IF(L4>Veriler!$D$2,IF(L4>Veriler!$D$3,IF(L4>Veriler!$D$4,IF(L4>Veriler!$D$5,IF(L4>Veriler!$D$6,IF(L4>Veriler!$D$7,IF(L4>Veriler!$D$8,"ders sorumlusuna başvur",Veriler!$A$8),Veriler!$A$7),Veriler!$A$6),Veriler!$A$5),Veriler!$A$4),Veriler!$A$3),Veriler!$A$2),Veriler!$A$1) -> 6 | N4: 7 | O4: =VLOOKUP(N4,Veriler!A$1:C$8,2,FALSE) -> 3xPhlox + Rose/Poppy | P4: =IF(I4<VLOOKUP(N4,Veriler!A$1:E$8,5,FALSE)," UYGUNDUR","KESİT AKIMI TAŞIYAMIYOR") -> UYGUNDUR
A5: 72 | B5: 72 | C5: 40 | D5: 3 | E5: 45 | F5: =C5*D5*E5 -> 5400 | G5: =0.5*(F5+F6) -> 5400 | H5: =G5/(SQRT(3)*380) -> 8.2044512 | M5: =IF(L5>Veriler!$D$1,IF(L5>Veriler!$D$2,IF(L5>Veriler!$D$3,IF(L5>Veriler!$D$4,IF(L5>Veriler!$D$5,IF(L5>Veriler!$D$6,IF(L5>Veriler!$D$7,IF(L5>Veriler!$D$8,"ders sorumlusuna başvur",Veriler!$A$8),Veriler!$A$7),Veriler!$A$6),Veriler!$A$5),Veriler!$A$4),Veriler!$A$3),Veriler!$A$2),Veriler!$A$1) -> 1 | N5: 1 | O5: =VLOOKUP(N5,Veriler!A$1:C$8,2,FALSE) -> 5 x Rose | P5: =IF(I5<VLOOKUP(N5,Veriler!A$1:E$8,5,FALSE)," UYGUNDUR","KESİT AKIMI TAŞIYAMIYOR") -> UYGUNDUR
A6: 73 | B6: 73 | C6: 40 | D6: 3 | E6: 45 | F6: =C6*D6*E6 -> 5400 | G6: =0.5*(F6+F7) -> 4252.5 | H6: =G6/(SQRT(3)*380) -> 6.4610053 | M6: =IF(L6>Veriler!$D$1,IF(L6>Veriler!$D$2,IF(L6>Veriler!$D$3,IF(L6>Veriler!$D$4,IF(L6>Veriler!$D$5,IF(L6>Veriler!$D$6,IF(L6>Veriler!$D$7,IF(L6>Veriler!$D$8,"ders sorumlusuna başvur",Veriler!$A$8),Veriler!$A$7),Veriler!$A$6),Veriler!$A$5),Veriler!$A$4),Veriler!$A$3),Veriler!$A$2),Veriler!$A$1) -> 1 | N6: 1 | O6: =VLOOKUP(N6,Veriler!A$1:C$8,2,FALSE) -> 5 x Rose | P6: =IF(I6<VLOOKUP(N6,Veriler!A$1:E$8,5,FALSE)," UYGUNDUR","KESİT AKIMI TAŞIYAMIYOR") -> UYGUNDUR
A7: 74 | B7: 74 | C7: 23 | D7: 3 | E7: 45 | F7: =C7*D7*E7 -> 3105 | G7: =0.5*(F7+F8+F12) -> 4590 | H7: =G7/(SQRT(3)*380) -> 6.9737835 | M7: =IF(L7>Veriler!$D$1,IF(L7>Veriler!$D$2,IF(L7>Veriler!$D$3,IF(L7>Veriler!$D$4,IF(L7>Veriler!$D$5,IF(L7>Veriler!$D$6,IF(L7>Veriler!$D$7,IF(L7>Veriler!$D$8,"ders sorumlusuna başvur",Veriler!$A$8),Veriler!$A$7),Veriler!$A$6),Veriler!$A$5),Veriler!$A$4),Veriler!$A$3),Veriler!$A$2),Veriler!$A$1) -> 1 | N7: 1 | O7: =VLOOKUP(N7,Veriler!A$1:C$8,2,FALSE) -> 5 x Rose | P7: =IF(I7<VLOOKUP(N7,Veriler!A$1:E$8,5,FALSE)," UYGUNDUR","KESİT AKIMI TAŞIYAMIYOR") -> UYGUNDUR
A8: 75 | B8: 75 | C8: 29 | D8: 3 | E8: 45 | F8: =C8*D8*E8 -> 3915 | G8: =0.5*(F8+F10) -> 3915 | H8: =G8/(SQRT(3)*380) -> 5.9482271 | M8: =IF(L8>Veriler!$D$1,IF(L8>Veriler!$D$2,IF(L8>Veriler!$D$3,IF(L8>Veriler!$D$4,IF(L8>Veriler!$D$5,IF(L8>Veriler!$D$6,IF(L8>Veriler!$D$7,IF(L8>Veriler!$D$8,"ders sorumlusuna başvur",Veriler!$A$8),Veriler!$A$7),Veriler!$A$6),Veriler!$A$5),Veriler!$A$4),Veriler!$A$3),Veriler!$A$2),Veriler!$A$1) -> 1 | N8: 1 | O8: =VLOOKUP(N8,Veriler!A$1:C$8,2,FALSE) -> 5 x Rose | P8: =IF(I8<VLOOKUP(N8,Veriler!A$1:E$8,5,FALSE)," UYGUNDUR","KESİT AKIMI TAŞIYAMIYOR") -> UYGUNDUR
A9: 76 | B9: 76 | C9: 29 | D9: 3 | E9: 45 | F9: =C9*D9*E9 -> 3915 | G9: =0.5*(F9+F10) -> 3915 | H9: =G9/(SQRT(3)*380) -> 5.9482271 | M9: =IF(L9>Veriler!$D$1,IF(L9>Veriler!$D$2,IF(L9>Veriler!$D$3,IF(L9>Veriler!$D$4,IF(L9>Veriler!$D$5,IF(L9>Veriler!$D$6,IF(L9>Veriler!$D$7,IF(L9>Veriler!$D$8,"ders sorumlusuna başvur",Veriler!$A$8),Veriler!$A$7),Veriler!$A$6),Veriler!$A$5),Veriler!$A$4),Veriler!$A$3),Veriler!$A$2),Veriler!$A$1) -> 1 | N9: 1 | O9: =VLOOKUP(N9,Veriler!A$1:C$8,2,FALSE) -> 5 x Rose | P9: =IF(I9<VLOOKUP(N9,Veriler!A$1:E$8,5,FALSE)," UYGUNDUR","KESİT AKIMI TAŞIYAMIYOR") -> UYGUNDUR
A10: 77 | B10: 77 | C10: 29 | D10: 3 | E10: 45 | F10: =C10*D10*E10 -> 3915 | G10: =0.5*(F10+F11) -> 3915 | H10: =G10/(SQRT(3)*380) -> 5.9482271 | M10: =IF(L10>Veriler!$D$1,IF(L10>Veriler!$D$2,IF(L10>Veriler!$D$3,IF(L10>Veriler!$D$4,IF(L10>Veriler!$D$5,IF(L10>Veriler!$D$6,IF(L10>Veriler!$D$7,IF(L10>Veriler!$D$8,"ders sorumlusuna başvur",Veriler!$A$8),Veriler!$A$7),Veriler!$A$6),Veriler!$A$5),Veriler!$A$4),Veriler!$A$3),Veriler!$A$2),Veriler!$A$1) -> 1 | N10: 1 | O10: =VLOOKUP(N10,Veriler!A$1:C$8,2,FALSE) -> 5 x Rose | P10: =IF(I10<VLOOKUP(N10,Veriler!A$1:E$8,5,FALSE)," UYGUNDUR","KESİT AKIMI TAŞIYAMIYOR") -> UYGUNDUR
A11: 78 | B11: 78 | C11: 29 | D11: 3 | E11: 45 | F11: =C11*D11*E11 -> 3915 | G11: =0.5*(F11) -> 1957.5 | H11: =G11/(SQRT(3)*380) -> 2.9741136 | M11: =IF(L11>Veriler!$D$1,IF(L11>Veriler!$D$2,IF(L11>Veriler!$D$3,IF(L11>Veriler!$D$4,IF(L11>Veriler!$D$5,IF(L11>Veriler!$D$6,IF(L11>Veriler!$D$7,IF(L11>Veriler!$D$8,"ders sorumlusuna başvur",Veriler!$A$8),Veriler!$A$7),Veriler!$A$6),Veriler!$A$5),Veriler!$A$4),Veriler!$A$3),Veriler!$A$2),Veriler!$A$1) -> 1 | N11: 1 | O11: =VLOOKUP(N11,Veriler!A$1:C$8,2,FALSE) -> 5 x Rose | P11: =IF(I11<VLOOKUP(N11,Veriler!A$1:E$8,5,FALSE)," UYGUNDUR","KESİT AKIMI TAŞIYAMIYOR") -> UYGUNDUR
A12: 79 | B12: 79 | C12: 16 | D12: 3 | E12: 45 | F12: =C12*D12*E12 -> 2160 | G12: =0.5*(F12+F13) -> 2835 | H12: =G12/(SQRT(3)*380) -> 4.3073369 | M12: =IF(L12>Veriler!$D$1,IF(L12>Veriler!$D$2,IF(L12>Veriler!$D$3,IF(L12>Veriler!$D$4,IF(L12>Veriler!$D$5,IF(L12>Veriler!$D$6,IF(L12>Veriler!$D$7,IF(L12>Veriler!$D$8,"ders sorumlusuna başvur",Veriler!$A$8),Veriler!$A$7),Veriler!$A$6),Veriler!$A$5),Veriler!$A$4),Veriler!$A$3),Veriler!$A$2),Veriler!$A$1) -> 1 | N12: 1 | O12: =VLOOKUP(N12,Veriler!A$1:C$8,2,FALSE) -> 5 x Rose | P12: =IF(I12<VLOOKUP(N12,Veriler!A$1:E$8,5,FALSE)," UYGUNDUR","KESİT AKIMI TAŞIYAMIYOR") -> UYGUNDUR
A13: 80 | B13: 80 | C13: 26 | D13: 3 | E13: 45 | F13: =C13*D13*E13 -> 3510 | G13: =0.5*(F13+F14) -> 3510 | H13: =G13/(SQRT(3)*380) -> 5.3328933 | M13: =IF(L13>Veriler!$D$1,IF(L13>Veriler!$D$2,IF(L13>Veriler!$D$3,IF(L13>Veriler!$D$4,IF(L13>Veriler!$D$5,IF(L13>Veriler!$D$6,IF(L13>Veriler!$D$7,IF(L13>Veriler!$D$8,"ders sorumlusuna başvur",Veriler!$A$8),Veriler!$A$7),Veriler!$A$6),Veriler!$A$5),Veriler!$A$4),Veriler!$A$3),Veriler!$A$2),Veriler!$A$1) -> 1 | N13: 1 | O13: =VLOOKUP(N13,Veriler!A$1:C$8,2,FALSE) -> 5 x Rose | P13: =IF(I13<VLOOKUP(N13,Veriler!A$1:E$8,5,FALSE)," UYGUNDUR","KESİT AKIMI TAŞIYAMIYOR") -> UYGUNDUR
A14: 81 | B14: 81 | C14: 26 | D14: 3 | E14: 45 | F14: =C14*D14*E14 -> 3510 | G14: =0.5*(F14+F15+F17) -> 4230 | H14: =G14/(SQRT(3)*380) -> 6.4268201 | M14: =IF(L14>Veriler!$D$1,IF(L14>Veriler!$D$2,IF(L14>Veriler!$D$3,IF(L14>Veriler!$D$4,IF(L14>Veriler!$D$5,IF(L14>Veriler!$D$6,IF(L14>Veriler!$D$7,IF(L14>Veriler!$D$8,"ders sorumlusuna başvur",Veriler!$A$8),Veriler!$A$7),Veriler!$A$6),Veriler!$A$5),Veriler!$A$4),Veriler!$A$3),Veriler!$A$2),Veriler!$A$1) -> 1 | N14: 1 | O14: =VLOOKUP(N14,Veriler!A$1:C$8,2,FALSE) -> 5 x Rose | P14: =IF(I14<VLOOKUP(N14,Veriler!A$1:E$8,5,FALSE)," UYGUNDUR","KESİT AKIMI TAŞIYAMIYOR") -> UYGUNDUR
A15: 82 | B15: 82 | C15: 26 | D15: 3 | E15: 45 | F15: =C15*D15*E15 -> 3510 | G15: =0.5*(F15+F16) -> 3510 | H15: =G15/(SQRT(3)*380) -> 5.3328933 | M15: =IF(L15>Veriler!$D$1,IF(L15>Veriler!$D$2,IF(L15>Veriler!$D$3,IF(L15>Veriler!$D$4,IF(L15>Veriler!$D$5,IF(L15>Veriler!$D$6,IF(L15>Veriler!$D$7,IF(L15>Veriler!$D$8,"ders sorumlusuna başvur",Veriler!$A$8),Veriler!$A$7),Veriler!$A$6),Veriler!$A$5),Veriler!$A$4),Veriler!$A$3),Veriler!$A$2),Veriler!$A$1) -> 1 | N15: 1 | O15: =VLOOKUP(N15,Veriler!A$1:C$8,2,FALSE) -> 5 x Rose | P15: =IF(I15<VLOOKUP(N15,Veriler!A$1:E$8,5,FALSE)," UYGUNDUR","KESİT AKIMI TAŞIYAMIYOR") -> UYGUNDUR
A16: 83 | B16: 83 | C16: 26 | D16: 3 | E16: 45 | F16: =C16*D16*E16 -> 3510 | G16: =0.5*(F16) -> 1755 | H16: =G16/(SQRT(3)*380) -> 2.6664466 | M16: =IF(L16>Veriler!$D$1,IF(L16>Veriler!$D$2,IF(L16>Veriler!$D$3,IF(L16>Veriler!$D$4,IF(L16>Veriler!$D$5,IF(L16>Veriler!$D$6,IF(L16>Veriler!$D$7,IF(L16>Veriler!$D$8,"ders sorumlusuna başvur",Veriler!$A$8),Veriler!$A$7),Veriler!$A$6),Veriler!$A$5),Veriler!$A$4),Veriler!$A$3),Veriler!$A$2),Veriler!$A$1) -> 1 | N16: 1 | O16: =VLOOKUP(N16,Veriler!A$1:C$8,2,FALSE) -> 5 x Rose | P16: =IF(I16<VLOOKUP(N16,Veriler!A$1:E$8,5,FALSE)," UYGUNDUR","KESİT AKIMI TAŞIYAMIYOR") -> UYGUNDUR
A17: 84 | B17: 84 | C17: 16 | D17: 2 | E17: 45 | F17: =C17*D17*E17 -> 1440 | G17: =0.5*(F17+F18) -> 2520 | H17: =G17/(SQRT(3)*380) -> 3.8287439 | M17: =IF(L17>Veriler!$D$1,IF(L17>Veriler!$D$2,IF(L17>Veriler!$D$3,IF(L17>Veriler!$D$4,IF(L17>Veriler!$D$5,IF(L17>Veriler!$D$6,IF(L17>Veriler!$D$7,IF(L17>Veriler!$D$8,"ders sorumlusuna başvur",Veriler!$A$8),Veriler!$A$7),Veriler!$A$6),Veriler!$A$5),Veriler!$A$4),Veriler!$A$3),Veriler!$A$2),Veriler!$A$1) -> 1 | N17: 1 | O17: =VLOOKUP(N17,Veriler!A$1:C$8,2,FALSE) -> 5 x Rose | P17: =IF(I17<VLOOKUP(N17,Veriler!A$1:E$8,5,FALSE)," UYGUNDUR","KESİT AKIMI TAŞIYAMIYOR") -> UYGUNDUR
A18: 85 | B18: 85 | C18: 40 | D18: 2 | E18: 45 | F18: =C18*D18*E18 -> 3600 | G18: =0.5*(F18+F19) -> 3600 | H18: =G18/(SQRT(3)*380) -> 5.4696341 | M18: =IF(L18>Veriler!$D$1,IF(L18>Veriler!$D$2,IF(L18>Veriler!$D$3,IF(L18>Veriler!$D$4,IF(L18>Veriler!$D$5,IF(L18>Veriler!$D$6,IF(L18>Veriler!$D$7,IF(L18>Veriler!$D$8,"ders sorumlusuna başvur",Veriler!$A$8),Veriler!$A$7),Veriler!$A$6),Veriler!$A$5),Veriler!$A$4),Veriler!$A$3),Veriler!$A$2),Veriler!$A$1) -> 1 | N18: 1 | O18: =VLOOKUP(N18,Veriler!A$1:C$8,2,FALSE) -> 5 x Rose | P18: =IF(I18<VLOOKUP(N18,Veriler!A$1:E$8,5,FALSE)," UYGUNDUR","KESİT AKIMI TAŞIYAMIYOR") -> UYGUNDUR
A19: 86 | B19: 86 | C19: 40 | D19: 2 | E19: 45 | F19: =C19*D19*E19 -> 3600 | G19: =0.5*(F19+F20) -> 3600 | H19: =G19/(SQRT(3)*380) -> 5.4696341 | M19: =IF(L19>Veriler!$D$1,IF(L19>Veriler!$D$2,IF(L19>Veriler!$D$3,IF(L19>Veriler!$D$4,IF(L19>Veriler!$D$5,IF(L19>Veriler!$D$6,IF(L19>Veriler!$D$7,IF(L19>Veriler!$D$8,"ders sorumlusuna başvur",Veriler!$A$8),Veriler!$A$7),Veriler!$A$6),Veriler!$A$5),Veriler!$A$4),Veriler!$A$3),Veriler!$A$2),Veriler!$A$1) -> 1 | N19: 1 | O19: =VLOOKUP(N16,Veriler!A$1:C$8,2,FALSE) -> 5 x Rose | P19: =IF(I19<VLOOKUP(N19,Veriler!A$1:E$8,5,FALSE)," UYGUNDUR","KESİT AKIMI TAŞIYAMIYOR") -> UYGUNDUR
A20: 87 | B20: 87 | C20: 40 | D20: 2 | E20: 45 | F20: =C20*D20*E20 -> 3600 | G20: =0.5*(F20+F21) -> 3600 | H20: =G20/(SQRT(3)*380) -> 5.4696341 | M20: =IF(L20>Veriler!$D$1,IF(L20>Veriler!$D$2,IF(L20>Veriler!$D$3,IF(L20>Veriler!$D$4,IF(L20>Veriler!$D$5,IF(L20>Veriler!$D$6,IF(L20>Veriler!$D$7,IF(L20>Veriler!$D$8,"ders sorumlusuna başvur",Veriler!$A$8),Veriler!$A$7),Veriler!$A$6),Veriler!$A$5),Veriler!$A$4),Veriler!$A$3),Veriler!$A$2),Veriler!$A$1) -> 1 | N20: 1 | O20: =VLOOKUP(N17,Veriler!A$1:C$8,2,FALSE) -> 5 x Rose | P20: =IF(I20<VLOOKUP(N20,Veriler!A$1:E$8,5,FALSE)," UYGUNDUR","KESİT AKIMI TAŞIYAMIYOR") -> UYGUNDUR
A21: 88 | B21: 88 | C21: 40 | D21: 2 | E21: 45 | F21: =C21*D21*E21 -> 3600 | G21: =0.5*(F21+F22) -> 3600 | H21: =G21/(SQRT(3)*380) -> 5.4696341 | M21: =IF(L21>Veriler!$D$1,IF(L21>Veriler!$D$2,IF(L21>Veriler!$D$3,IF(L21>Veriler!$D$4,IF(L21>Veriler!$D$5,IF(L21>Veriler!$D$6,IF(L21>Veriler!$D$7,IF(L21>Veriler!$D$8,"ders sorumlusuna başvur",Veriler!$A$8),Veriler!$A$7),Veriler!$A$6),Veriler!$A$5),Veriler!$A$4),Veriler!$A$3),Veriler!$A$2),Veriler!$A$1) -> 1 | N21: 1 | O21: =VLOOKUP(N18,Veriler!A$1:C$8,2,FALSE) -> 5 x Rose | P21: =IF(I21<VLOOKUP(N21,Veriler!A$1:E$8,5,FALSE)," UYGUNDUR","KESİT AKIMI TAŞIYAMIYOR") -> UYGUNDUR
A22: 89 | B22: 89 | C22: 40 | D22: 2 | E22: 45 | F22: =C22*D22*E22 -> 3600 | G22: =0.5*(F22) -> 1800 | H22: =G22/(SQRT(3)*380) -> 2.7348171 | M22: =IF(L22>Veriler!$D$1,IF(L22>Veriler!$D$2,IF(L22>Veriler!$D$3,IF(L22>Veriler!$D$4,IF(L22>Veriler!$D$5,IF(L22>Veriler!$D$6,IF(L22>Veriler!$D$7,IF(L22>Veriler!$D$8,"ders sorumlusuna başvur",Veriler!$A$8),Veriler!$A$7),Veriler!$A$6),Veriler!$A$5),Veriler!$A$4),Veriler!$A$3),Veriler!$A$2),Veriler!$A$1) -> 1 | N22: 1 | O22: =VLOOKUP(N19,Veriler!A$1:C$8,2,FALSE) -> 5 x Rose | P22: =IF(I22<VLOOKUP(N22,Veriler!A$1:E$8,5,FALSE)," UYGUNDUR","KESİT AKIMI TAŞIYAMIYOR") -> UYGUNDUR
A23: 90 | B23: 90 | C23: 33 | D23: 2 | E23: 45 | F23: =C23*D23*E23 -> 2970 | G23: =0.5*(F23+F24) -> 2970 | H23: =G23/(SQRT(3)*380) -> 4.5124482 | I23: =H23+I24 -> 47.859299 | J23: =I23*C23 -> 1579.3569 | K23: =J23+K24 -> 11200.204 | L23: =K23/(8*35) -> 40.000729 | M23: =IF(L23>Veriler!$D$1,IF(L23>Veriler!$D$2,IF(L23>Veriler!$D$3,IF(L23>Veriler!$D$4,IF(L23>Veriler!$D$5,IF(L23>Veriler!$D$6,IF(L23>Veriler!$D$7,IF(L23>Veriler!$D$8,"ders sorumlusuna başvur",Veriler!$A$8),Veriler!$A$7),Veriler!$A$6),Veriler!$A$5),Veriler!$A$4),Veriler!$A$3),Veriler!$A$2),Veriler!$A$1) -> 4 | N23: 4 | O23: =VLOOKUP(N20,Veriler!A$1:C$8,2,FALSE) -> 5 x Rose | P23: UYGUNDUR
A24: 91 | B24: 91 | C24: 33 | D24: 2 | E24: 45 | F24: =C24*D24*E24 -> 2970 | G24: =0.5*(F24+F25) -> 2970 | H24: =G24/(SQRT(3)*380) -> 4.5124482 | I24: =H24+I25 -> 43.346851 | J24: =I24*C24 -> 1430.4461 | K24: =J24+K25 -> 9620.8473 | L24: =K24/(8*35) -> 34.360169 | M24: =IF(L24>Veriler!$D$1,IF(L24>Veriler!$D$2,IF(L24>Veriler!$D$3,IF(L24>Veriler!$D$4,IF(L24>Veriler!$D$5,IF(L24>Veriler!$D$6,IF(L24>Veriler!$D$7,IF(L24>Veriler!$D$8,"ders sorumlusuna başvur",Veriler!$A$8),Veriler!$A$7),Veriler!$A$6),Veriler!$A$5),Veriler!$A$4),Veriler!$A$3),Veriler!$A$2),Veriler!$A$1) -> 4 | N24: 4 | O24: =VLOOKUP(N21,Veriler!A$1:C$8,2,FALSE) -> 5 x Rose | P24: =IF(I24<VLOOKUP(N24,Veriler!A$1:E$8,5,FALSE)," UYGUNDUR","KESİT AKIMI TAŞIYAMIYOR") -> UYGUNDUR
A25: 92 | B25: 92 | C25: 33 | D25: 2 | E25: 45 | F25: =C25*D25*E25 -> 2970 | G25: =0.5*(F25+F26) -> 2970 | H25: =G25/(SQRT(3)*380) -> 4.5124482 | I25: =H25+I26 -> 38.834403 | J25: =I25*C25 -> 1281.5353 | K25: =J25+K26 -> 8190.4012 | L25: =K25/(8*35) -> 29.251433 | M25: =IF(L25>Veriler!$D$1,IF(L25>Veriler!$D$2,IF(L25>Veriler!$D$3,IF(L25>Veriler!$D$4,IF(L25>Veriler!$D$5,IF(L25>Veriler!$D$6,IF(L25>Veriler!$D$7,IF(L25>Veriler!$D$8,"ders sorumlusuna başvur",Veriler!$A$8),Veriler!$A$7),Veriler!$A$6),Veriler!$A$5),Veriler!$A$4),Veriler!$A$3),Veriler!$A$2),Veriler!$A$1) -> 3 | N25: 4 | O25: =VLOOKUP(N25,Veriler!A$1:C$8,2,FALSE) -> 3xPansy + Rose/Iris | P25: =IF(I26<VLOOKUP(N26,Veriler!A$1:E$8,5,FALSE)," UYGUNDUR","KESİT AKIMI TAŞIYAMIYOR") -> UYGUNDUR
A26: 93 | B26: 93 | C26: 33 | D26: 2 | E26: 45 | F26: =C26*D26*E26 -> 2970 | G26: =0.5*(F26+F27+F29) -> 2565 | H26: =G26/(SQRT(3)*380) -> 3.8971143 | I26: =H26+H27+H28+I29 -> 34.321955 | J26: =I26*C26 -> 1132.6245 | K26: =J26+K29 -> 6908.8659 | L26: =K26/(8*35) -> 24.674521 | M26: =IF(L26>Veriler!$D$1,IF(L26>Veriler!$D$2,IF(L26>Veriler!$D$3,IF(L26>Veriler!$D$4,IF(L26>Veriler!$D$5,IF(L26>Veriler!$D$6,IF(L26>Veriler!$D$7,IF(L26>Veriler!$D$8,"ders sorumlusuna başvur",Veriler!$A$8),Veriler!$A$7),Veriler!$A$6),Veriler!$A$5),Veriler!$A$4),Veriler!$A$3),Veriler!$A$2),Veriler!$A$1) -> 2 | N26: 4 | O26: =VLOOKUP(N26,Veriler!A$1:C$8,2,FALSE) -> 3xPansy + Rose/Iris | P26: =IF(I26<VLOOKUP(N26,Veriler!A$1:E$8,5,FALSE)," UYGUNDUR","KESİT AKIMI TAŞIYAMIYOR") -> UYGUNDUR
A27: 94 | B27: 94 | C27: 28 | D27: 1 | E27: 45 | F27: =C27*D27*E27 -> 1260 | G27: =0.5*(F27+F28) -> 1260 | H27: =G27/(SQRT(3)*380) -> 1.9143719 | M27: =IF(L27>Veriler!$D$1,IF(L27>Veriler!$D$2,IF(L27>Veriler!$D$3,IF(L27>Veriler!$D$4,IF(L27>Veriler!$D$5,IF(L27>Veriler!$D$6,IF(L27>Veriler!$D$7,IF(L27>Veriler!$D$8,"ders sorumlusuna başvur",Veriler!$A$8),Veriler!$A$7),Veriler!$A$6),Veriler!$A$5),Veriler!$A$4),Veriler!$A$3),Veriler!$A$2),Veriler!$A$1) -> 1 | N27: 1 | O27: =VLOOKUP(N27,Veriler!A$1:C$8,2,FALSE) -> 5 x Rose | P27: =IF(I27<VLOOKUP(N27,Veriler!A$1:E$8,5,FALSE)," UYGUNDUR","KESİT AKIMI TAŞIYAMIYOR") -> UYGUNDUR
A28: 95 | B28: 95 | C28: 28 | D28: 1 | E28: 45 | F28: =C28*D28*E28 -> 1260 | G28: =0.5*(F28) -> 630 | H28: =G28/(SQRT(3)*380) -> 0.95718597 | M28: =IF(L28>Veriler!$D$1,IF(L28>Veriler!$D$2,IF(L28>Veriler!$D$3,IF(L28>Veriler!$D$4,IF(L28>Veriler!$D$5,IF(L28>Veriler!$D$6,IF(L28>Veriler!$D$7,IF(L28>Veriler!$D$8,"ders sorumlusuna başvur",Veriler!$A$8),Veriler!$A$7),Veriler!$A$6),Veriler!$A$5),Veriler!$A$4),Veriler!$A$3),Veriler!$A$2),Veriler!$A$1) -> 1 | N28: 1 | O28: =VLOOKUP(N28,Veriler!A$1:C$8,2,FALSE) -> 5 x Rose | P28: =IF(I28<VLOOKUP(N28,Veriler!A$1:E$8,5,FALSE)," UYGUNDUR","KESİT AKIMI TAŞIYAMIYOR") -> UYGUNDUR
A29: 96 | B29: 96 | C29: 20 | D29: 1 | E29: 45 | F29: =C29*D29*E29 -> 900 | G29: =0.5*(F29+F30) -> 900 | H29: =G29/(SQRT(3)*380) -> 1.3674085 | I29: =H29+I30 -> 27.553282 | J29: =I29*C29 -> 551.06565 | K29: =J29+K30 -> 5776.2414 | L29: =K29/(8*35) -> 20.629434 | M29: =IF(L29>Veriler!$D$1,IF(L29>Veriler!$D$2,IF(L29>Veriler!$D$3,IF(L29>Veriler!$D$4,IF(L29>Veriler!$D$5,IF(L29>Veriler!$D$6,IF(L29>Veriler!$D$7,IF(L29>Veriler!$D$8,"ders sorumlusuna başvur",Veriler!$A$8),Veriler!$A$7),Veriler!$A$6),Veriler!$A$5),Veriler!$A$4),Veriler!$A$3),Veriler!$A$2),Veriler!$A$1) -> 1 | N29: 1 | O29: =VLOOKUP(N29,Veriler!A$1:C$8,2,FALSE) -> 5 x Rose | P29: =IF(I29<VLOOKUP(N29,Veriler!A$1:E$8,5,FALSE)," UYGUNDUR","KESİT AKIMI TAŞIYAMIYOR") -> UYGUNDUR
A30: 97 | B30: 97 | C30: 20 | D30: 1 | E30: 45 | F30: =C30*D30*E30 -> 900 | G30: =0.5*(F30+F31) -> 1080 | H30: =G30/(SQRT(3)*380) -> 1.6408902 | I30: =H30+I31 -> 26.185874 | J30: =I30*C30 -> 523.71748 | K30: =J30+K31 -> 5225.1758 | L30: =K30/(8*35) -> 18.661342 | M30: =IF(L30>Veriler!$D$1,IF(L30>Veriler!$D$2,IF(L30>Veriler!$D$3,IF(L30>Veriler!$D$4,IF(L30>Veriler!$D$5,IF(L30>Veriler!$D$6,IF(L30>Veriler!$D$7,IF(L30>Veriler!$D$8,"ders sorumlusuna başvur",Veriler!$A$8),Veriler!$A$7),Veriler!$A$6),Veriler!$A$5),Veriler!$A$4),Veriler!$A$3),Veriler!$A$2),Veriler!$A$1) -> 1 | N30: 1 | O30: =VLOOKUP(N30,Veriler!A$1:C$8,2,FALSE) -> 5 x Rose | P30: =IF(I30<VLOOKUP(N30,Veriler!A$1:E$8,5,FALSE)," UYGUNDUR","KESİT AKIMI TAŞIYAMIYOR") -> UYGUNDUR
A31: 98 | B31: 98 | C31: 28 | D31: 1 | E31: 45 | F31: =C31*D31*E31 -> 1260 | G31: =0.5*(F31+F32) -> 1530 | H31: =G31/(SQRT(3)*380) -> 2.3245945 | I31: =H31+I32 -> 24.544984 | J31: =I31*C31 -> 687.25954 | K31: =J31+K32 -> 4701.4583 | L31: =K31/(8*35) -> 16.790922 | M31: =IF(L31>Veriler!$D$1,IF(L31>Veriler!$D$2,IF(L31>Veriler!$D$3,IF(L31>Veriler!$D$4,IF(L31>Veriler!$D$5,IF(L31>Veriler!$D$6,IF(L31>Veriler!$D$7,IF(L31>Veriler!$D$8,"ders sorumlusuna başvur",Veriler!$A$8),Veriler!$A$7),Veriler!$A$6),Veriler!$A$5),Veriler!$A$4),Veriler!$A$3),Veriler!$A$2),Veriler!$A$1) -> 1 | N31: 1 | O31: =VLOOKUP(N31,Veriler!A$1:C$8,2,FALSE) -> 5 x Rose | P31: =IF(I31<VLOOKUP(N31,Veriler!A$1:E$8,5,FALSE)," UYGUNDUR","KESİT AKIMI TAŞIYAMIYOR") -> UYGUNDUR
A32: 99 | B32: 99 | C32: 40 | D32: 1 | E32: 45 | F32: =C32*D32*E32 -> 1800 | G32: =0.5*(F32+F33) -> 1462.5 | H32: =G32/(SQRT(3)*380) -> 2.2220389 | I32: =H32+I33 -> 22.220389 | J32: =I32*C32 -> 888.81556 | K32: =J32+K33 -> 4014.1988 | L32: =K32/(8*35) -> 14.336424 | M32: =IF(L32>Veriler!$D$1,IF(L32>Veriler!$D$2,IF(L32>Veriler!$D$3,IF(L32>Veriler!$D$4,IF(L32>Veriler!$D$5,IF(L32>Veriler!$D$6,IF(L32>Veriler!$D$7,IF(L32>Veriler!$D$8,"ders sorumlusuna başvur",Veriler!$A$8),Veriler!$A$7),Veriler!$A$6),Veriler!$A$5),Veriler!$A$4),Veriler!$A$3),Veriler!$A$2),Veriler!$A$1) -> 1 | N32: 1 | O32: =VLOOKUP(N32,Veriler!A$1:C$8,2,FALSE) -> 5 x Rose | P32: =IF(I32<VLOOKUP(N32,Veriler!A$1:E$8,5,FALSE)," UYGUNDUR","KESİT AKIMI TAŞIYAMIYOR") -> UYGUNDUR
A33: 100 | B33: 100 | C33: 25 | D33: 1 | E33: 45 | F33: =C33*D33*E33 -> 1125 | G33: =0.5*(F33+F34) -> 1462.5 | H33: =G33/(SQRT(3)*380) -> 2.2220389 | I33: =H33+I34 -> 19.99835 | J33: =I33*C33 -> 499.95875 | K33: =J33+K34 -> 3125.3832 | L33: =K33/(8*35) -> 11.162083 | M33: =IF(L33>Veriler!$D$1,IF(L33>Veriler!$D$2,IF(L33>Veriler!$D$3,IF(L33>Veriler!$D$4,IF(L33>Veriler!$D$5,IF(L33>Veriler!$D$6,IF(L33>Veriler!$D$7,IF(L33>Veriler!$D$8,"ders sorumlusuna başvur",Veriler!$A$8),Veriler!$A$7),Veriler!$A$6),Veriler!$A$5),Veriler!$A$4),Veriler!$A$3),Veriler!$A$2),Veriler!$A$1) -> 1 | N33: 1 | O33: =VLOOKUP(N33,Veriler!A$1:C$8,2,FALSE) -> 5 x Rose | P33: =IF(I33<VLOOKUP(N33,Veriler!A$1:E$8,5,FALSE)," UYGUNDUR","KESİT AKIMI TAŞIYAMIYOR") -> UYGUNDUR
A34: 101 | B34: 101 | C34: 40 | D34: 1 | E34: 45 | F34: =C34*D34*E34 -> 1800 | G34: =0.5*(F34+F35) -> 1800 | H34: =G34/(SQRT(3)*380) -> 2.7348171 | I34: =H34+I35 -> 17.776311 | J34: =I34*C34 -> 711.05245 | K34: =J34+K35 -> 2625.4244 | L34: =K34/(8*35) -> 9.3765159 | M34: =IF(L34>Veriler!$D$1,IF(L34>Veriler!$D$2,IF(L34>Veriler!$D$3,IF(L34>Veriler!$D$4,IF(L34>Veriler!$D$5,IF(L34>Veriler!$D$6,IF(L34>Veriler!$D$7,IF(L34>Veriler!$D$8,"ders sorumlusuna başvur",Veriler!$A$8),Veriler!$A$7),Veriler!$A$6),Veriler!$A$5),Veriler!$A$4),Veriler!$A$3),Veriler!$A$2),Veriler!$A$1) -> 1 | N34: 1 | O34: =VLOOKUP(N34,Veriler!A$1:C$8,2,FALSE) -> 5 x Rose | P34: =IF(I34<VLOOKUP(N34,Veriler!A$1:E$8,5,FALSE)," UYGUNDUR","KESİT AKIMI TAŞIYAMIYOR") -> UYGUNDUR
A35: 102 | B35: 102 | C35: 40 | D35: 1 | E35: 45 | F35: =C35*D35*E35 -> 1800 | G35: =0.5*(F35+F36) -> 1800 | H35: =G35/(SQRT(3)*380) -> 2.7348171 | I35: =H35+I36 -> 15.041494 | J35: =I35*C35 -> 601.65977 | K35: =J35+K36 -> 1914.372 | L35: =K35/(8*35) -> 6.8370428 | M35: =IF(L35>Veriler!$D$1,IF(L35>Veriler!$D$2,IF(L35>Veriler!$D$3,IF(L35>Veriler!$D$4,IF(L35>Veriler!$D$5,IF(L35>Veriler!$D$6,IF(L35>Veriler!$D$7,IF(L35>Veriler!$D$8,"ders sorumlusuna başvur",Veriler!$A$8),Veriler!$A$7),Veriler!$A$6),Veriler!$A$5),Veriler!$A$4),Veriler!$A$3),Veriler!$A$2),Veriler!$A$1) -> 1 | N35: 1 | O35: =VLOOKUP(N35,Veriler!A$1:C$8,2,FALSE) -> 5 x Rose | P35: =IF(I35<VLOOKUP(N35,Veriler!A$1:E$8,5,FALSE)," UYGUNDUR","KESİT AKIMI TAŞIYAMIYOR") -> UYGUNDUR
A36: 103 | B36: 103 | C36: 40 | D36: 1 | E36: 45 | F36: =C36*D36*E36 -> 1800 | G36: =0.5*(F36+F37) -> 1800 | H36: =G36/(SQRT(3)*380) -> 2.7348171 | I36: =H36+I37 -> 12.306677 | J36: =I36*C36 -> 492.26709 | K36: =J36+K37 -> 1312.7122 | L36: =K36/(8*35) -> 4.6882579 | M36: =IF(L36>Veriler!$D$1,IF(L36>Veriler!$D$2,IF(L36>Veriler!$D$3,IF(L36>Veriler!$D$4,IF(L36>Veriler!$D$5,IF(L36>Veriler!$D$6,IF(L36>Veriler!$D$7,IF(L36>Veriler!$D$8,"ders sorumlusuna başvur",Veriler!$A$8),Veriler!$A$7),Veriler!$A$6),Veriler!$A$5),Veriler!$A$4),Veriler!$A$3),Veriler!$A$2),Veriler!$A$1) -> 1 | N36: 1 | O36: =VLOOKUP(N36,Veriler!A$1:C$8,2,FALSE) -> 5 x Rose | P36: =IF(I36<VLOOKUP(N36,Veriler!A$1:E$8,5,FALSE)," UYGUNDUR","KESİT AKIMI TAŞIYAMIYOR") -> UYGUNDUR
A37: 104 | B37: 104 | C37: 40 | D37: 1 | E37: 45 | F37: =C37*D37*E37 -> 1800 | G37: =0.5*(F37+F38) -> 1800 | H37: =G37/(SQRT(3)*380) -> 2.7348171 | I37: =H37+I38 -> 9.5718601 | J37: =I37*C37 -> 382.87441 | K37: =J37+K38 -> 820.44513 | L37: =K37/(8*35) -> 2.9301612 | M37: =IF(L37>Veriler!$D$1,IF(L37>Veriler!$D$2,IF(L37>Veriler!$D$3,IF(L37>Veriler!$D$4,IF(L37>Veriler!$D$5,IF(L37>Veriler!$D$6,IF(L37>Veriler!$D$7,IF(L37>Veriler!$D$8,"ders sorumlusuna başvur",Veriler!$A$8),Veriler!$A$7),Veriler!$A$6),Veriler!$A$5),Veriler!$A$4),Veriler!$A$3),Veriler!$A$2),Veriler!$A$1) -> 1 | N37: 1 | O37: =VLOOKUP(N37,Veriler!A$1:C$8,2,FALSE) -> 5 x Rose | P37: =IF(I37<VLOOKUP(N37,Veriler!A$1:E$8,5,FALSE)," UYGUNDUR","KESİT AKIMI TAŞIYAMIYOR") -> UYGUNDUR
A38: 105 | B38: 105 | C38: 40 | D38: 1 | E38: 45 | F38: =C38*D38*E38 -> 1800 | G38: =0.5*(F38+F39) -> 1800 | H38: =G38/(SQRT(3)*380) -> 2.7348171 | I38: =H38+I39 -> 6.8370431 | J38: =I38*C38 -> 273.48172 | K38: =J38+K39 -> 437.57072 | L38: =K38/(8*35) -> 1.5627526 | M38: =IF(L38>Veriler!$D$1,IF(L38>Veriler!$D$2,IF(L38>Veriler!$D$3,IF(L38>Veriler!$D$4,IF(L38>Veriler!$D$5,IF(L38>Veriler!$D$6,IF(L38>Veriler!$D$7,IF(L38>Veriler!$D$8,"ders sorumlusuna başvur",Veriler!$A$8),Veriler!$A$7),Veriler!$A$6),Veriler!$A$5),Veriler!$A$4),Veriler!$A$3),Veriler!$A$2),Veriler!$A$1) -> 1 | N38: 1 | O38: =VLOOKUP(N38,Veriler!A$1:C$8,2,FALSE) -> 5 x Rose | P38: =IF(I38<VLOOKUP(N38,Veriler!A$1:E$8,5,FALSE)," UYGUNDUR","KESİT AKIMI TAŞIYAMIYOR") -> UYGUNDUR
A39: 106 | B39: 106 | C39: 40 | D39: 1 | E39: 45 | F39: =C39*D39*E39 -> 1800 | G39: =0.5*(F39) -> 900 | H39: =G39/(SQRT(3)*380) -> 1.3674085 | I39: 4.102226 | J39: =I39*C39 -> 164.08904 | K39: 164.089 | L39: =K39/(8*35) -> 0.58603214 | M39: =IF(L39>Veriler!$D$1,IF(L39>Veriler!$D$2,IF(L39>Veriler!$D$3,IF(L39>Veriler!$D$4,IF(L39>Veriler!$D$5,IF(L39>Veriler!$D$6,IF(L39>Veriler!$D$7,IF(L39>Veriler!$D$8,"ders sorumlusuna başvur",Veriler!$A$8),Veriler!$A$7),Veriler!$A$6),Veriler!$A$5),Veriler!$A$4),Veriler!$A$3),Veriler!$A$2),Veriler!$A$1) -> 1 | N39: 1 | O39: =VLOOKUP(N39,Veriler!A$1:C$8,2,FALSE) -> 5 x Rose | P39: =IF(I39<VLOOKUP(N39,Veriler!A$1:E$8,5,FALSE)," UYGUNDUR","KESİT AKIMI TAŞIYAMIYOR") -> UYGUNDUR

Sheet 5TR1-3Abone
A1: AKTİF GÜÇ
A2: Branşman Noktasına İrca Edilen Yük | I2: 25 | K2: 646 | M2: 308.5 | O2: 186.5
A3: Hat Yükleri (m) | H3: =J3+I2 -> 1166 | J3: =L3+K2 -> 1141 | L3: =N3+M2 -> 495 | N3: 186.5
A4: Güç Yoğunluğu (J) | H4: 45 | J4: 45 | L4: 45 | N4: 45
A5: Ktri | H5: 3.54 | J5: 2.33 | L5: 4.67 | N5: 9.36
A6: %e | H6: =H5*H4*H3*10*10^-7 -> 0.1857438 | J6: =J5*J4*J3*10^-7*50 -> 0.59816925 | L6: =L5*L4*L3*10^-7*132 -> 1.3731201 | N6: =N5*N4*N3*10^-7*373 -> 2.9300567
B7: Toplam %e = 5 = 5 uygundur

Sheet 5TR1-3Aydınlatma
A1: AKTİF GÜÇ
A2: Branşman Noktasına İrca Edilen Yük | B2: 125 | C2: 125 | D2: 2375 | E2: 125 | F2: 125 | G2: 125 | H2: 375 | I2: 125 | J2: 125 | K2: 125 | L2: 125 | M2: 125 | N2: 125 | O2: 125 | P2: 125 | Q2: 125 | R2: 125 | S2: 125
A3: Hat Yükleri (m) | B3: 4750 | C3: 4625 | D3: 4500 | E3: 2125 | F3: 2000 | G3: 1875 | H3: 1750 | I3: 1375 | J3: 1250 | K3: 1125 | L3: 1000 | M3: 875 | N3: 750 | O3: 625 | P3: 500 | Q3: 375 | R3: 250 | S3: 125
A4: Kmono
A5: %e

Sheet 5TR1-3 moment
A1: Moment | B1: Toplam Moment | C1: Kesit | D1: Önerilen Hat tertibi | E1: Tercih edilen Hat tertibi | F1: Hat Seçimi | G1: Isıya göre kontrol
A3: 3921.8986 | B3: 18915.807 | C3: 67.556453 | D3: 7 | E3: 7 | F3: 3xPhlox + Rose/Poppy | G3: UYGUNDUR
A4: 3793.7041 | B4: 14993.908 | C4: 53.549672 | D4: 6 | E4: 7 | F4: 3xPhlox + Rose/Poppy | G4: UYGUNDUR
D5: 1 | E5: 1 | F5: 5 x Rose | G5: UYGUNDUR
D6: 1 | E6: 1 | F6: 5 x Rose | G6: UYGUNDUR
D7: 1 | E7: 1 | F7: 5 x Rose | G7: UYGUNDUR
D8: 1 | E8: 1 | F8: 5 x Rose | G8: UYGUNDUR
D9: 1 | E9: 1 | F9: 5 x Rose | G9: UYGUNDUR
D10: 1 | E10: 1 | F10: 5 x Rose | G10: UYGUNDUR
D11: 1 | E11: 1 | F11: 5 x Rose | G11: UYGUNDUR
D12: 1 | E12: 1 | F12: 5 x Rose | G12: UYGUNDUR
D13: 1 | E13: 1 | F13: 5 x Rose | G13: UYGUNDUR
D14: 1 | E14: 1 | F14: 5 x Rose | G14: UYGUNDUR
D15: 1 | E15: 1 | F15: 5 x Rose | G15: UYGUNDUR
D16: 1 | E16: 1 | F16: 5 x Rose | G16: UYGUNDUR
... D22: 1 | E22: 1 | F22: 5 x Rose | G22: UYGUNDUR
A23: 1579.3569 | B23: 11200.204 | C23: 40.000729 | D23: 4 | E23: 4 | F23: 5 x Rose | G23: UYGUNDUR
A24: 1430.4461 | B24: 9620.8473 | C24: 34.360169 | D24: 4 | E24: 4 | F24: 5 x Rose | G24: UYGUNDUR
A25: 1281.5353 | B25: 8190.4012 | C25: 29.251433 | D25: 3 | E25: 4 | F25: 3xPansy + Rose/Iris | G25: UYGUNDUR
A26: 1132.6245 | B26: 6908.8659 | C26: 24.674521 | D26: 2 | E26: 4 | F26: 3xPansy + Rose/Iris | G26: UYGUNDUR
D27: 1 | E27: 1 | F27: 5 x Rose | G27: UYGUNDUR
D28: 1 | E28: 1 | F28: 5 x Rose | G28: UYGUNDUR
A29: 551.06565 | B29: 5776.2414 | C29: 20.629434 | D29: 1 | E29: 1 | F29: 5 x Rose | G29: UYGUNDUR
A30: 523.71748 | B30: 5225.1758 | C30: 18.661342 | D30: 1 | E30: 1 | F30: 5 x Rose | G30: UYGUNDUR
A31: 687.25954 | B31: 4701.4583 | C31: 16.790922 | D31: 1 | E31: 1 | F31: 5 x Rose | G31: UYGUNDUR
A32: 888.81556 | B32: 4014.1988 | C32: 14.336424 | D32: 1 | E32: 1 | F32: 5 x Rose | G32: UYGUNDUR
A33: 499.95875 | B33: 3125.3832 | C33: 11.162083 | D33: 1 | E33: 1 | F33: 5 x Rose | G33: UYGUNDUR
A34: 711.05245 | B34: 2625.4244 | C34: 9.3765159 | D34: 1 | E34: 1 | F34: 5 x Rose | G34: UYGUNDUR
A35: 601.65977 | B35: 1914.372 | C35: 6.8370428 | D35: 1 | E35: 1 | F35: 5 x Rose | G35: UYGUNDUR
A36: 492.26709 | B36: 1312.7122 | C36: 4.6882579 | D36: 1 | E36: 1 | F36: 5 x Rose | G36: UYGUNDUR
A37: 382.87441 | B37: 820.44513 | C37: 2.9301612 | D37: 1 | E37: 1 | F37: 5 x Rose | G37: UYGUNDUR
A38: 273.48172 | B38: 437.57072 | C38: 1.5627526 | D38: 1 | E38: 1 | F38: 5 x Rose | G38: UYGUNDUR
A39: 164.08904 | B39: 164.089 | C39: 0.58603214 | D39: 1 | E39: 1 | F39: 5 x Rose | G39: UYGUNDUR

Sheet 5TR1_4 Yer altı Gücü ve Akım
A1: Direk No | B1: Hat no | C1: Mesafe | D1: Kat Sayısı | E1: Güç Yoğunluğu | F1: Hat gücü | G1: kutu Gücü | H1: kutu Akımı | I1: hat akımı | J1: Moment | K1: Toplam Moment | L1: Kesit | M1: Önerilen Hat tertibi | N1: Tercih edilen Hat tertibi | O1: Hat Seçimi | P1: Isıya göre kontrol
A2: TR1_4 | G2: 4927.5 | H2: 7.4865617
A3: 1 | B3: 1 | C3: 73 | D3: 3 | E3: 45 | F3: 9855 | G3: 10125 | H3: 15.383346 | I3: 78.044842 | J3: 5697.2735 | K3: 11657.362 | L3: 41.633437 | M3: =IF(I3<78,"10 mm²",IF(I3<104,"16 mm²",IF(I3<137,"25 mm²",IF(I3<168,"35 mm²",IF(I3<210,"50 mm²",IF(I3<260,"70 mm²",IF(I3<310,"95 mm²",IF(I3<344,"120 mm²",IF(I3<391,"150 mm²",IF(I3<448,"185 mm²")))))))))) -> 16 mm² | N3: 3 | O3: 3 x Iris + Rose/Lily | P3: UYGUNDUR
A4: 2 | B4: 2 | C4: 77 | D4: 3 | E4: 45 | F4: 10395 | G4: 9180 | H4: 13.947567 | M4: =IF(I4<78,"10 mm²",IF(I4<104,"16 mm²",IF(I4<137,"25 mm²",IF(I4<168,"35 mm²",IF(I4<210,"50 mm²",IF(I4<260,"70 mm²",IF(I4<310,"95 mm²",IF(I4<344,"120 mm²",IF(I4<391,"150 mm²",IF(I4<448,"185 mm²")))))))))) -> 10 mm² | N4: 1 | O4: 5 x Rose | P4: UYGUNDUR
A5: 3 | B5: 3 | C5: 59 | D5: 3 | E5: 45 | F5: 7965 | G5: 9855 | H5: 14.973123 | I5: 48.713929 | J5: 2874.1218 | K5: 5960.089 | L5: 21.286032 | M5: =IF(I5<78,"10 mm²",IF(I5<104,"16 mm²",IF(I5<137,"25 mm²",IF(I5<168,"35 mm²",IF(I5<210,"50 mm²",IF(I5<260,"70 mm²",IF(I5<310,"95 mm²",IF(I5<344,"120 mm²",IF(I5<391,"150 mm²",IF(I5<448,"185 mm²")))))))))) -> 10 mm² | N5: 1 | O5: 5 x Rose | P5: UYGUNDUR
A6: 4 | B6: 4 | C6: 87 | D6: 3 | E6: 45 | F6: 11745 | G6: 14040 | H6: 21.331573 | I6: 33.740806 | J6: 2935.4501 | K6: 3085.9672 | L6: 11.021311 | M6: =IF(I6<78,"10 mm²",IF(I6<104,"16 mm²",IF(I6<137,"25 mm²",IF(I6<168,"35 mm²",IF(I6<210,"50 mm²",IF(I6<260,"70 mm²",IF(I6<310,"95 mm²",IF(I6<344,"120 mm²",IF(I6<391,"150 mm²",IF(I6<448,"185 mm²")))))))))) -> 10 mm² | N6: 1 | O6: 5 x Rose | P6: UYGUNDUR
A7: 5 | B7: 5 | C7: 121 | D7: 3 | E7: 45 | F7: 16335 | G7: 8167.5 | H7: 12.409232 | I7: 12.409232 | J7: 1501.5171 | K7: 150.51712 | L7: 0.53756116 | M7: =IF(I7<78,"10 mm²",IF(I7<104,"16 mm²",IF(I7<137,"25 mm²",IF(I7<168,"35 mm²",IF(I7<210,"50 mm²",IF(I7<260,"70 mm²",IF(I7<310,"95 mm²",IF(I7<344,"120 mm²",IF(I7<391,"150 mm²",IF(I7<448,"185 mm²")))))))))) -> 10 mm² | N7: 1 | O7: 5 x Rose | P7: UYGUNDUR

Sheet 5TR1_4 Yer altı Abone
A1: AKTİF GÜÇ
A2: Branşman Noktasına İrca Edilen Yük | E2: 229.5 | G2: 229.5
A3: Hat Yükleri (m) | D3: =F3+E2 -> 459 | F3: 229.5
A4: Güç Yoğunluğu (J) | D4: 45 | F4: 45
A5: Ktri | D5: 12.4 | F5: 7.75
A6: %e | D6: =D5*D4*D3*10^-7*10 -> 0.256122 | F6: =F5*F4*F3*10^-7*229.5 -> 1.836875
B7: Toplam %e = 2.092996969 < 5 uygundur

Sheet 5TR1_4 Yer altı moment
A1: Moment | B1: Toplam Moment | C1: Kesit | D1: Önerilen Hat tertibi | E1: Tercih edilen Hat tertibi | F1: Hat Seçimi | G1: Isıya göre kontrol
A3: 5697.2735 | B3: 11657.362 | C3: 41.633437 | D3: 16 mm² | E3: 3 | F3: 3 x Iris + Rose/Lily | G3: UYGUNDUR
D4: 10 mm² | E4: 1 | F4: 5 x Rose | G4: UYGUNDUR
A5: 2874.1218 | B5: 5960.089 | C5: 21.286032 | D5: 10 mm² | E5: 1 | F5: 5 x Rose | G5: UYGUNDUR
A6: 2935.4501 | B6: 3085.9672 | C6: 11.021311 | D6: 10 mm² | E6: 1 | F6: 5 x Rose | G6: UYGUNDUR
A7: 1501.5171 | B7: 150.51712 | C7: 0.53756116 | D7: 10 mm² | E7: 1 | F7: 5 x Rose | G7: UYGUNDUR

Sheet 5TR2_1 Gücü ve Akım
A1: Direk No | B1: Hat No | C1: Mesafe | D1: Kat Sayısı | E1: Güç Yoğunluğu | F1: Hat Gücü | G1: Direk Gücü | H1: Direk Akımı | I1: Hat Akımı | J1: Moment | K1: Toplam Moment | L1: Kesit | M1: Önerilen Tertibi | N1: Tercih Edilen Hat Tertibi | O1: Hat Seçimi | P1: Isıya Göre Kontrol
A2: TR2 - 1 | G2: 1890 | H2: 2.8715579
A3: 1 | B3: 1 | C3: 28 | D3: 3 | E3: 45 | F3: 3780 | G3: 3780 | H3: 5.7431158 | I3: 181.93371 | J3: 5094.1437 | K3: 22750.841 | L3: 81.253002 | M3: =IF(L3>Veriler!$D$1,IF(L3>Veriler!$D$2,IF(L3>Veriler!$D$3,IF(L3>Veriler!$D$4,IF(L3>Veriler!$D$5,IF(L3>Veriler!$D$6,IF(L3>Veriler!$D$7,IF(L3>Veriler!$D$8,"ders sorumlusuna başvur",Veriler!$A$8),Veriler!$A$7),Veriler!$A$6),Veriler!$A$5),Veriler!$A$4),Veriler!$A$3),Veriler!$A$2),Veriler!$A$1) -> 7 | N3: 7 | O3: =VLOOKUP(N3,Veriler!A$1:C$8,2,FALSE) -> 3xPhlox + Rose/Poppy | P3: =IF(I3<VLOOKUP(N3,Veriler!A$1:E$8,5,FALSE),"UYGUNDUR","KESİT AKIMI TAŞIYAMIYOR") -> UYGUNDUR
A4: 2 | B4: 2 | C4: 28 | D4: 3 | E4: 45 | F4: 3780 | G4: 5940 | H4: 9.0248963 | I4: 176.19059 | J4: 4933.3365 | K4: 22750.841 | L4: 81.253002 | M4: =IF(L4>Veriler!$D$1,IF(L4>Veriler!$D$2,IF(L4>Veriler!$D$3,IF(L4>Veriler!$D$4,IF(L4>Veriler!$D$5,IF(L4>Veriler!$D$6,IF(L4>Veriler!$D$7,IF(L4>Veriler!$D$8,"ders sorumlusuna başvur",Veriler!$A$8),Veriler!$A$7),Veriler!$A$6),Veriler!$A$5),Veriler!$A$4),Veriler!$A$3),Veriler!$A$2),Veriler!$A$1) -> 7 | N4: 7 | O4: =VLOOKUP(N4,Veriler!A$1:C$8,2,FALSE) -> 3xPhlox + Rose/Poppy | P4: =IF(I4<VLOOKUP(N4,Veriler!A$1:E$8,5,FALSE),"UYGUNDUR","KESİT AKIMI TAŞIYAMIYOR") -> UYGUNDUR
A5: 3 | B5: 3 | C5: 20 | D5: 3 | E5: 45 | F5: 2700 | G5: 3915 | H5: 5.9482271 | J5: 0 | L5: 0 | M5: =IF(L5>Veriler!$D$1,IF(L5>Veriler!$D$2,IF(L5>Veriler!$D$3,IF(L5>Veriler!$D$4,IF(L5>Veriler!$D$5,IF(L5>Veriler!$D$6,IF(L5>Veriler!$D$7,IF(L5>Veriler!$D$8,"ders sorumlusuna başvur",Veriler!$A$8),Veriler!$A$7),Veriler!$A$6),Veriler!$A$5),Veriler!$A$4),Veriler!$A$3),Veriler!$A$2),Veriler!$A$1) -> 1 | N5: 1 | O5: =VLOOKUP(N5,Veriler!A$1:C$8,2,FALSE) -> 5 x Rose | P5: =IF(I5<VLOOKUP(N5,Veriler!A$1:E$8,5,FALSE),"UYGUNDUR","KESİT AKIMI TAŞIYAMIYOR") -> UYGUNDUR
A6: 4 | B6: 4 | C6: 38 | D6: 3 | E6: 45 | F6: 5130 | G6: 7155 | H6: 2.8715579 | J6: 0 | L6: 0 | M6: =IF(L6>Veriler!$D$1,IF(L6>Veriler!$D$2,IF(L6>Veriler!$D$3,IF(L6>Veriler!$D$4,IF(L6>Veriler!$D$5,IF(L6>Veriler!$D$6,IF(L6>Veriler!$D$7,IF(L6>Veriler!$D$8,"ders sorumlusuna başvur",Veriler!$A$8),Veriler!$A$7),Veriler!$A$6),Veriler!$A$5),Veriler!$A$4),Veriler!$A$3),Veriler!$A$2),Veriler!$A$1) -> 1 | N6: 1 | O6: =VLOOKUP(N6,Veriler!A$1:C$8,2,FALSE) -> 5 x Rose | P6: =IF(I6<VLOOKUP(N6,Veriler!A$1:E$8,5,FALSE),"UYGUNDUR","KESİT AKIMI TAŞIYAMIYOR") -> UYGUNDUR
A7: 5 | B7: 5 | C7: 40 | D7: 3 | E7: 45 | F7: 5400 | G7: 5400 | H7: 8.2044512 | J7: 0 | L7: 0 | M7: =IF(L7>Veriler!$D$1,IF(L7>Veriler!$D$2,IF(L7>Veriler!$D$3,IF(L7>Veriler!$D$4,IF(L7>Veriler!$D$5,IF(L7>Veriler!$D$6,IF(L7>Veriler!$D$7,IF(L7>Veriler!$D$8,"ders sorumlusuna başvur",Veriler!$A$8),Veriler!$A$7),Veriler!$A$6),Veriler!$A$5),Veriler!$A$4),Veriler!$A$3),Veriler!$A$2),Veriler!$A$1) -> 1 | N7: 1 | O7: =VLOOKUP(N7,Veriler!A$1:C$8,2,FALSE) -> 5 x Rose | P7: =IF(I7<VLOOKUP(N7,Veriler!A$1:E$8,5,FALSE),"UYGUNDUR","KESİT AKIMI TAŞIYAMIYOR") -> UYGUNDUR
A8: 6 | B8: 6 | C8: 40 | D8: 3 | E8: 45 | F8: 5400 | G8: 2700 | H8: 4.1022256 | J8: 0 | L8: 0 | M8: =IF(L8>Veriler!$D$1,IF(L8>Veriler!$D$2,IF(L8>Veriler!$D$3,IF(L8>Veriler!$D$4,IF(L8>Veriler!$D$5,IF(L8>Veriler!$D$6,IF(L8>Veriler!$D$7,IF(L8>Veriler!$D$8,"ders sorumlusuna başvur",Veriler!$A$8),Veriler!$A$7),Veriler!$A$6),Veriler!$A$5),Veriler!$A$4),Veriler!$A$3),Veriler!$A$2),Veriler!$A$1) -> 1 | N8: 1 | O8: =VLOOKUP(N8,Veriler!A$1:C$8,2,FALSE) -> 5 x Rose | P8: =IF(I8<VLOOKUP(N8,Veriler!A$1:E$8,5,FALSE),"UYGUNDUR","KESİT AKIMI TAŞIYAMIYOR") -> UYGUNDUR
A9: 7 | B9: 7 | C9: 28 | D9: 3 | E9: 45 | F9: 3780 | G9: 4252.5 | H9: 6.4610053 | J9: 0 | L9: 0 | M9: =IF(L9>Veriler!$D$1,IF(L9>Veriler!$D$2,IF(L9>Veriler!$D$3,IF(L9>Veriler!$D$4,IF(L9>Veriler!$D$5,IF(L9>Veriler!$D$6,IF(L9>Veriler!$D$7,IF(L9>Veriler!$D$8,"ders sorumlusuna başvur",Veriler!$A$8),Veriler!$A$7),Veriler!$A$6),Veriler!$A$5),Veriler!$A$4),Veriler!$A$3),Veriler!$A$2),Veriler!$A$1) -> 1 | N9: 1 | O9: =VLOOKUP(N9,Veriler!A$1:C$8,2,FALSE) -> 5 x Rose | P9: =IF(I9<VLOOKUP(N9,Veriler!A$1:E$8,5,FALSE),"UYGUNDUR","KESİT AKIMI TAŞIYAMIYOR") -> UYGUNDUR
A10: 8 | B10: 8 | C10: 35 | D10: 3 | E10: 45 | F10: 4725 | G10: 4860 | H10: 7.3840061 | J10: 0 | L10: 0 | M10: =IF(L10>Veriler!$D$1,IF(L10>Veriler!$D$2,IF(L10>Veriler!$D$3,IF(L10>Veriler!$D$4,IF(L10>Veriler!$D$5,IF(L10>Veriler!$D$6,IF(L10>Veriler!$D$7,IF(L10>Veriler!$D$8,"ders sorumlusuna başvur",Veriler!$A$8),Veriler!$A$7),Veriler!$A$6),Veriler!$A$5),Veriler!$A$4),Veriler!$A$3),Veriler!$A$2),Veriler!$A$1) -> 1 | N10: 1 | O10: =VLOOKUP(N10,Veriler!A$1:C$8,2,FALSE) -> 5 x Rose | P10: =IF(I10<VLOOKUP(N10,Veriler!A$1:E$8,5,FALSE),"UYGUNDUR","KESİT AKIMI TAŞIYAMIYOR") -> UYGUNDUR
A11: 9 | B11: 9 | C11: 37 | D11: 3 | E11: 45 | F11: 4995 | G11: 7560 | H11: 11.486232 | J11: 0 | L11: 0 | M11: =IF(L11>Veriler!$D$1,IF(L11>Veriler!$D$2,IF(L11>Veriler!$D$3,IF(L11>Veriler!$D$4,IF(L11>Veriler!$D$5,IF(L11>Veriler!$D$6,IF(L11>Veriler!$D$7,IF(L11>Veriler!$D$8,"ders sorumlusuna başvur",Veriler!$A$8),Veriler!$A$7),Veriler!$A$6),Veriler!$A$5),Veriler!$A$4),Veriler!$A$3),Veriler!$A$2),Veriler!$A$1) -> 1 | N11: 1 | O11: =VLOOKUP(N11,Veriler!A$1:C$8,2,FALSE) -> 5 x Rose | P11: =IF(I11<VLOOKUP(N11,Veriler!A$1:E$8,5,FALSE),"UYGUNDUR","KESİT AKIMI TAŞIYAMIYOR") -> UYGUNDUR
A12: 10 | B12: 10 | C12: 35 | D12: 3 | E12: 45 | F12: 4725 | G12: 4725 | H12: 7.1788948 | J12: 0 | L12: 0 | M12: =IF(L12>Veriler!$D$1,IF(L12>Veriler!$D$2,IF(L12>Veriler!$D$3,IF(L12>Veriler!$D$4,IF(L12>Veriler!$D$5,IF(L12>Veriler!$D$6,IF(L12>Veriler!$D$7,IF(L12>Veriler!$D$8,"ders sorumlusuna başvur",Veriler!$A$8),Veriler!$A$7),Veriler!$A$6),Veriler!$A$5),Veriler!$A$4),Veriler!$A$3),Veriler!$A$2),Veriler!$A$1) -> 1 | N12: 1 | O12: =VLOOKUP(N12,Veriler!A$1:C$8,2,FALSE) -> 5 x Rose | P12: =IF(I12<VLOOKUP(N12,Veriler!A$1:E$8,5,FALSE),"UYGUNDUR","KESİT AKIMI TAŞIYAMIYOR") -> UYGUNDUR
A13: 11 | B13: 11 | C13: 35 | D13: 3 | E13: 45 | F13: 4725 | G13: 2362.5 | H13: 3.5894474 | J13: 0 | L13: 0 | M13: =IF(L13>Veriler!$D$1,IF(L13>Veriler!$D$2,IF(L13>Veriler!$D$3,IF(L13>Veriler!$D$4,IF(L13>Veriler!$D$5,IF(L13>Veriler!$D$6,IF(L13>Veriler!$D$7,IF(L13>Veriler!$D$8,"ders sorumlusuna başvur",Veriler!$A$8),Veriler!$A$7),Veriler!$A$6),Veriler!$A$5),Veriler!$A$4),Veriler!$A$3),Veriler!$A$2),Veriler!$A$1) -> 1 | N13: 1 | O13: =VLOOKUP(N13,Veriler!A$1:C$8,2,FALSE) -> 5 x Rose | P13: =IF(I13<VLOOKUP(N13,Veriler!A$1:E$8,5,FALSE),"UYGUNDUR","KESİT AKIMI TAŞIYAMIYOR") -> UYGUNDUR
A14: 12 | B14: 12 | C14: 40 | D14: 3 | E14: 45 | F14: 5400 | G14: 5400 | H14: 8.2044512 | J14: 0 | L14: 0 | M14: =IF(L14>Veriler!$D$1,IF(L14>Veriler!$D$2,IF(L14>Veriler!$D$3,IF(L14>Veriler!$D$4,IF(L14>Veriler!$D$5,IF(L14>Veriler!$D$6,IF(L14>Veriler!$D$7,IF(L14>Veriler!$D$8,"ders sorumlusuna başvur",Veriler!$A$8),Veriler!$A$7),Veriler!$A$6),Veriler!$A$5),Veriler!$A$4),Veriler!$A$3),Veriler!$A$2),Veriler!$A$1) -> 1 | N14: 1 | O14: =VLOOKUP(N14,Veriler!A$1:C$8,2,FALSE) -> 5 x Rose | P14: =IF(I14<VLOOKUP(N14,Veriler!A$1:E$8,5,FALSE),"UYGUNDUR","KESİT AKIMI TAŞIYAMIYOR") -> UYGUNDUR
A15: 13 | B15: 13 | C15: 40 | D15: 3 | E15: 45 | F15: 5400 | G15: 2700 | H15: 4.1022256 | J15: 0 | L15: 0 | M15: =IF(L15>Veriler!$D$1,IF(L15>Veriler!$D$2,IF(L15>Veriler!$D$3,IF(L15>Veriler!$D$4,IF(L15>Veriler!$D$5,IF(L15>Veriler!$D$6,IF(L15>Veriler!$D$7,IF(L15>Veriler!$D$8,"ders sorumlusuna başvur",Veriler!$A$8),Veriler!$A$7),Veriler!$A$6),Veriler!$A$5),Veriler!$A$4),Veriler!$A$3),Veriler!$A$2),Veriler!$A$1) -> 1 | N15: 1 | O15: =VLOOKUP(N15,Veriler!A$1:C$8,2,FALSE) -> 5 x Rose | P15: =IF(I15<VLOOKUP(N15,Veriler!A$1:E$8,5,FALSE),"UYGUNDUR","KESİT AKIMI TAŞIYAMIYOR") -> UYGUNDUR
A16: 14 | B16: 14 | C16: 40 | D16: 3 | E16: 45 | F16: 5400 | G16: 4927.5 | H16: 7.4865617 | I16: 97.632969 | J16: 3905.3188 | K16: 17817.504 | L16: 63.633943 | M16: =IF(L16>Veriler!$D$1,IF(L16>Veriler!$D$2,IF(L16>Veriler!$D$3,IF(L16>Veriler!$D$4,IF(L16>Veriler!$D$5,IF(L16>Veriler!$D$6,IF(L16>Veriler!$D$7,IF(L16>Veriler!$D$8,"ders sorumlusuna başvur",Veriler!$A$8),Veriler!$A$7),Veriler!$A$6),Veriler!$A$5),Veriler!$A$4),Veriler!$A$3),Veriler!$A$2),Veriler!$A$1) -> 6 | N16: 6 | O16: =VLOOKUP(N16,Veriler!A$1:C$8,2,FALSE) -> 3xAster+Rose/Pansy | P16: =IF(I16<VLOOKUP(N16,Veriler!A$1:E$8,5,FALSE),"UYGUNDUR","KESİT AKIMI TAŞIYAMIYOR") -> UYGUNDUR
A17: 15 | B17: 15 | C17: 33 | D17: 3 | E17: 45 | F17: 4455 | G17: 4455 | H17: 6.7686722 | I17: 90.146407 | J17: 2974.8314 | K17: 13912.185 | L17: 49.686376 | M17: =IF(L17>Veriler!$D$1,IF(L17>Veriler!$D$2,IF(L17>Veriler!$D$3,IF(L17>Veriler!$D$4,IF(L17>Veriler!$D$5,IF(L17>Veriler!$D$6,IF(L17>Veriler!$D$7,IF(L17>Veriler!$D$8,"ders sorumlusuna başvur",Veriler!$A$8),Veriler!$A$7),Veriler!$A$6),Veriler!$A$5),Veriler!$A$4),Veriler!$A$3),Veriler!$A$2),Veriler!$A$1) -> 5 | N17: 6 | O17: =VLOOKUP(N17,Veriler!A$1:C$8,2,FALSE) -> 3xAster+Rose/Pansy | P17: =IF(I17<VLOOKUP(N17,Veriler!A$1:E$8,5,FALSE),"UYGUNDUR","KESİT AKIMI TAŞIYAMIYOR") -> UYGUNDUR
A18: 16 | B18: 16 | C18: 33 | D18: 3 | E18: 45 | F18: 4455 | G18: 4455 | H18: 6.7686722 | I18: 83.377735 | J18: 2751.4653 | K18: 10937.354 | L18: 39.061978 | M18: =IF(L18>Veriler!$D$1,IF(L18>Veriler!$D$2,IF(L18>Veriler!$D$3,IF(L18>Veriler!$D$4,IF(L18>Veriler!$D$5,IF(L18>Veriler!$D$6,IF(L18>Veriler!$D$7,IF(L18>Veriler!$D$8,"ders sorumlusuna başvur",Veriler!$A$8),Veriler!$A$7),Veriler!$A$6),Veriler!$A$5),Veriler!$A$4),Veriler!$A$3),Veriler!$A$2),Veriler!$A$1) -> 4 | N18: 6 | O18: =VLOOKUP(N18,Veriler!A$1:C$8,2,FALSE) -> 3xAster+Rose/Pansy | P18: =IF(I18<VLOOKUP(N18,Veriler!A$1:E$8,5,FALSE),"UYGUNDUR","KESİT AKIMI TAŞIYAMIYOR") -> UYGUNDUR
A19: 17 | B19: 17 | C19: 33 | D19: 3 | E19: 45 | F19: 4455 | G19: 6817.5 | H19: 10.35812 | I19: 76.609063 | J19: 2528.0991 | K19: 8185.8886 | L19: 29.235317 | M19: =IF(L19>Veriler!$D$1,IF(L19>Veriler!$D$2,IF(L19>Veriler!$D$3,IF(L19>Veriler!$D$4,IF(L19>Veriler!$D$5,IF(L19>Veriler!$D$6,IF(L19>Veriler!$D$7,IF(L19>Veriler!$D$8,"ders sorumlusuna başvur",Veriler!$A$8),Veriler!$A$7),Veriler!$A$6),Veriler!$A$5),Veriler!$A$4),Veriler!$A$3),Veriler!$A$2),Veriler!$A$1) -> 3 | N19: 1 | O19: =VLOOKUP(N19,Veriler!A$1:C$8,2,FALSE) -> 5 x Rose | P19: =IF(I19<VLOOKUP(N19,Veriler!A$1:E$8,5,FALSE),"UYGUNDUR","KESİT AKIMI TAŞIYAMIYOR") -> UYGUNDUR
A20: 18 | B20: 18 | C20: 35 | D20: 3 | E20: 45 | F20: 4725 | G20: 4725 | H20: 7.1788948 | J20: 0 | L20: 0 | M20: =IF(L20>Veriler!$D$1,IF(L20>Veriler!$D$2,IF(L20>Veriler!$D$3,IF(L20>Veriler!$D$4,IF(L20>Veriler!$D$5,IF(L20>Veriler!$D$6,IF(L20>Veriler!$D$7,IF(L20>Veriler!$D$8,"ders sorumlusuna başvur",Veriler!$A$8),Veriler!$A$7),Veriler!$A$6),Veriler!$A$5),Veriler!$A$4),Veriler!$A$3),Veriler!$A$2),Veriler!$A$1) -> 1 | N20: 1 | O20: =VLOOKUP(N20,Veriler!A$1:C$8,2,FALSE) -> 5 x Rose | P20: =IF(I20<VLOOKUP(N20,Veriler!A$1:E$8,5,FALSE),"UYGUNDUR","KESİT AKIMI TAŞIYAMIYOR") -> UYGUNDUR
A21: 19 | B21: 19 | C21: 35 | D21: 3 | E21: 45 | F21: 4725 | G21: 2362.5 | H21: 3.5894474 | J21: 0 | L21: 0 | M21: =IF(L21>Veriler!$D$1,IF(L21>Veriler!$D$2,IF(L21>Veriler!$D$3,IF(L21>Veriler!$D$4,IF(L21>Veriler!$D$5,IF(L21>Veriler!$D$6,IF(L21>Veriler!$D$7,IF(L21>Veriler!$D$8,"ders sorumlusuna başvur",Veriler!$A$8),Veriler!$A$7),Veriler!$A$6),Veriler!$A$5),Veriler!$A$4),Veriler!$A$3),Veriler!$A$2),Veriler!$A$1) -> 1 | N21: 1 | O21: =VLOOKUP(N21,Veriler!A$1:C$8,2,FALSE) -> 5 x Rose | P21: =IF(I21<VLOOKUP(N21,Veriler!A$1:E$8,5,FALSE),"UYGUNDUR","KESİT AKIMI TAŞIYAMIYOR") -> UYGUNDUR
A22: 20 | B22: 20 | C22: 33 | D22: 3 | E22: 45 | F22: 4455 | G22: 4455 | H22: 6.7686722 | I22: 55.482601 | J22: 1830.9258 | K22: 5657.7895 | L22: 20.206391 | M22: =IF(L22>Veriler!$D$1,IF(L22>Veriler!$D$2,IF(L22>Veriler!$D$3,IF(L22>Veriler!$D$4,IF(L22>Veriler!$D$5,IF(L22>Veriler!$D$6,IF(L22>Veriler!$D$7,IF(L22>Veriler!$D$8,"ders sorumlusuna başvur",Veriler!$A$8),Veriler!$A$7),Veriler!$A$6),Veriler!$A$5),Veriler!$A$4),Veriler!$A$3),Veriler!$A$2),Veriler!$A$1) -> 1 | N22: 1 | O22: =VLOOKUP(N22,Veriler!A$1:C$8,2,FALSE) -> 5 x Rose | P22: =IF(I22<VLOOKUP(N22,Veriler!A$1:E$8,5,FALSE),"UYGUNDUR","KESİT AKIMI TAŞIYAMIYOR") -> UYGUNDUR
A23: 21 | B23: 21 | C23: 33 | D23: 3 | E23: 45 | F23: 4455 | G23: 3577.5 | H23: 5.4354489 | I23: 48.713929 | J23: 1607.5597 | K23: 3826.8637 | L23: 13.66737 | M23: =IF(L23>Veriler!$D$1,IF(L23>Veriler!$D$2,IF(L23>Veriler!$D$3,IF(L23>Veriler!$D$4,IF(L23>Veriler!$D$5,IF(L23>Veriler!$D$6,IF(L23>Veriler!$D$7,IF(L23>Veriler!$D$8,"ders sorumlusuna başvur",Veriler!$A$8),Veriler!$A$7),Veriler!$A$6),Veriler!$A$5),Veriler!$A$4),Veriler!$A$3),Veriler!$A$2),Veriler!$A$1) -> 1 | N23: 1 | O23: =VLOOKUP(N23,Veriler!A$1:C$8,2,FALSE) -> 5 x Rose | P23: =IF(I23<VLOOKUP(N23,Veriler!A$1:E$8,5,FALSE),"UYGUNDUR","KESİT AKIMI TAŞIYAMIYOR") -> UYGUNDUR
A24: 22 | B24: 22 | C24: 20 | D24: 3 | E24: 45 | F24: 2700 | G24: 4927.5 | H24: 7.4865617 | I24: 43.27848 | J24: 865.5696 | K24: 2219.304 | L24: 7.9260859 | M24: =IF(L24>Veriler!$D$1,IF(L24>Veriler!$D$2,IF(L24>Veriler!$D$3,IF(L24>Veriler!$D$4,IF(L24>Veriler!$D$5,IF(L24>Veriler!$D$6,IF(L24>Veriler!$D$7,IF(L24>Veriler!$D$8,"ders sorumlusuna başvur",Veriler!$A$8),Veriler!$A$7),Veriler!$A$6),Veriler!$A$5),Veriler!$A$4),Veriler!$A$3),Veriler!$A$2),Veriler!$A$1) -> 1 | N24: 1 | O24: =VLOOKUP(N24,Veriler!A$1:C$8,2,FALSE) -> 5 x Rose | P24: =IF(I24<VLOOKUP(N24,Veriler!A$1:E$8,5,FALSE),"UYGUNDUR","KESİT AKIMI TAŞIYAMIYOR") -> UYGUNDUR
A25: 23 | B25: 23 | C25: 40 | D25: 3 | E25: 45 | F25: 5400 | G25: 5400 | H25: 5.9482271 | J25: 0 | L25: 0 | M25: =IF(L25>Veriler!$D$1,IF(L25>Veriler!$D$2,IF(L25>Veriler!$D$3,IF(L25>Veriler!$D$4,IF(L25>Veriler!$D$5,IF(L25>Veriler!$D$6,IF(L25>Veriler!$D$7,IF(L25>Veriler!$D$8,"ders sorumlusuna başvur",Veriler!$A$8),Veriler!$A$7),Veriler!$A$6),Veriler!$A$5),Veriler!$A$4),Veriler!$A$3),Veriler!$A$2),Veriler!$A$1) -> 1 | N25: 1 | O25: =VLOOKUP(N25,Veriler!A$1:C$8,2,FALSE) -> 5 x Rose | P25: =IF(I25<VLOOKUP(N25,Veriler!A$1:E$8,5,FALSE),"UYGUNDUR","KESİT AKIMI TAŞIYAMIYOR") -> UYGUNDUR
A26: 24 | B26: 24 | C26: 40 | D26: 3 | E26: 45 | F26: 5400 | G26: 2700 | H26: 4.1022256 | J26: 0 | L26: 0 | M26: =IF(L26>Veriler!$D$1,IF(L26>Veriler!$D$2,IF(L26>Veriler!$D$3,IF(L26>Veriler!$D$4,IF(L26>Veriler!$D$5,IF(L26>Veriler!$D$6,IF(L26>Veriler!$D$7,IF(L26>Veriler!$D$8,"ders sorumlusuna başvur",Veriler!$A$8),Veriler!$A$7),Veriler!$A$6),Veriler!$A$5),Veriler!$A$4),Veriler!$A$3),Veriler!$A$2),Veriler!$A$1) -> 1 | N26: 1 | O26: =VLOOKUP(N26,Veriler!A$1:C$8,2,FALSE) -> 5 x Rose | P26: =IF(I26<VLOOKUP(N26,Veriler!A$1:E$8,5,FALSE),"UYGUNDUR","KESİT AKIMI TAŞIYAMIYOR") -> UYGUNDUR
A27: 25 | B27: 25 | C27: 13 | D27: 3 | E27: 45 | F27: 1755 | G27: 3375 | H27: 5.127782 | I27: 25.741466 | J27: 334.63905 | K27: 1353.7344 | L27: 4.8347659 | M27: =IF(L27>Veriler!$D$1,IF(L27>Veriler!$D$2,IF(L27>Veriler!$D$3,IF(L27>Veriler!$D$4,IF(L27>Veriler!$D$5,IF(L27>Veriler!$D$6,IF(L27>Veriler!$D$7,IF(L27>Veriler!$D$8,"ders sorumlusuna başvur",Veriler!$A$8),Veriler!$A$7),Veriler!$A$6),Veriler!$A$5),Veriler!$A$4),Veriler!$A$3),Veriler!$A$2),Veriler!$A$1) -> 1 | N27: 1 | O27: =VLOOKUP(N27,Veriler!A$1:C$8,2,FALSE) -> 5 x Rose | P27: =IF(I27<VLOOKUP(N27,Veriler!A$1:E$8,5,FALSE),"UYGUNDUR","KESİT AKIMI TAŞIYAMIYOR") -> UYGUNDUR
A28: 26 | B28: 26 | C28: 37 | D28: 3 | E28: 45 | F28: 4995 | G28: 6345 | H28: 9.6402302 | I28: 20.613684 | J28: 762.70629 | K28: 1019.0954 | L28: 3.6396264 | M28: =IF(L28>Veriler!$D$1,IF(L28>Veriler!$D$2,IF(L28>Veriler!$D$3,IF(L28>Veriler!$D$4,IF(L28>Veriler!$D$5,IF(L28>Veriler!$D$6,IF(L28>Veriler!$D$7,IF(L28>Veriler!$D$8,"ders sorumlusuna başvur",Veriler!$A$8),Veriler!$A$7),Veriler!$A$6),Veriler!$A$5),Veriler!$A$4),Veriler!$A$3),Veriler!$A$2),Veriler!$A$1) -> 1 | N28: 1 | O28: =VLOOKUP(N28,Veriler!A$1:C$8,2,FALSE) -> 5 x Rose | P28: =IF(I28<VLOOKUP(N28,Veriler!A$1:E$8,5,FALSE),"UYGUNDUR","KESİT AKIMI TAŞIYAMIYOR") -> UYGUNDUR
A29: 27 | B29: 27 | C29: 32 | D29: 3 | E29: 45 | F29: 4320 | G29: 2160 | H29: 3.2817805 | J29: 0 | L29: 0 | M29: =IF(L29>Veriler!$D$1,IF(L29>Veriler!$D$2,IF(L29>Veriler!$D$3,IF(L29>Veriler!$D$4,IF(L29>Veriler!$D$5,IF(L29>Veriler!$D$6,IF(L29>Veriler!$D$7,IF(L29>Veriler!$D$8,"ders sorumlusuna başvur",Veriler!$A$8),Veriler!$A$7),Veriler!$A$6),Veriler!$A$5),Veriler!$A$4),Veriler!$A$3),Veriler!$A$2),Veriler!$A$1) -> 1 | N29: 1 | O29: =VLOOKUP(N29,Veriler!A$1:C$8,2,FALSE) -> 5 x Rose | P29: =IF(I29<VLOOKUP(N29,Veriler!A$1:E$8,5,FALSE),"UYGUNDUR","KESİT AKIMI TAŞIYAMIYOR") -> UYGUNDUR
A30: 28 | B30: 28 | C30: 25 | D30: 3 | E30: 45 | F30: 3375 | G30: 3375 | H30: 5.127782 | I30: 7.691673 | J30: 192.29182 | K30: 256.3891 | L30: 0.91567536 | M30: =IF(L30>Veriler!$D$1,IF(L30>Veriler!$D$2,IF(L30>Veriler!$D$3,IF(L30>Veriler!$D$4,IF(L30>Veriler!$D$5,IF(L30>Veriler!$D$6,IF(L30>Veriler!$D$7,IF(L30>Veriler!$D$8,"ders sorumlusuna başvur",Veriler!$A$8),Veriler!$A$7),Veriler!$A$6),Veriler!$A$5),Veriler!$A$4),Veriler!$A$3),Veriler!$A$2),Veriler!$A$1) -> 1 | N30: 1 | O30: =VLOOKUP(N30,Veriler!A$1:C$8,2,FALSE) -> 5 x Rose | P30: =IF(I30<VLOOKUP(N30,Veriler!A$1:E$8,5,FALSE),"UYGUNDUR","KESİT AKIMI TAŞIYAMIYOR") -> UYGUNDUR
A31: 29 | B31: 29 | C31: 25 | D31: 3 | E31: 45 | F31: 3375 | G31: 1687.5 | H31: 2.563891 | I31: 2.563891 | J31: 64.097275 | K31: 64.097275 | L31: 0.22891884 | M31: =IF(L31>Veriler!$D$1,IF(L31>Veriler!$D$2,IF(L31>Veriler!$D$3,IF(L31>Veriler!$D$4,IF(L31>Veriler!$D$5,IF(L31>Veriler!$D$6,IF(L31>Veriler!$D$7,IF(L31>Veriler!$D$8,"ders sorumlusuna başvur",Veriler!$A$8),Veriler!$A$7),Veriler!$A$6),Veriler!$A$5),Veriler!$A$4),Veriler!$A$3),Veriler!$A$2),Veriler!$A$1) -> 1 | N31: 1 | O31: =VLOOKUP(N31,Veriler!A$1:C$8,2,FALSE) -> 5 x Rose | P31: =IF(I31<VLOOKUP(N31,Veriler!A$1:E$8,5,FALSE),"UYGUNDUR","KESİT AKIMI TAŞIYAMIYOR") -> UYGUNDUR

Sheet 5TR2_1 Abone
A1: AKTİF GÜÇ
A2: Branşman Noktasına İrca Edilen Yük | G2: 69.5 | I2: 182.5 | K2: 148 | M2: 85 | O2: 25
A3: Hat Yükleri (m) | F3: =H3+G2 -> 510 | H3: =J3+I2 -> 440.5 | J3: =L3+K2 -> 258 | L3: =N3+M2 -> 110 | N3: 25
A4: Güç Yoğunluğu (J) | F4: 45 | H4: 45 | J4: 45 | L4: 45 | N4: 45
A5: Ktri | F5: 3.54 | H5: 2.33 | J5: 2.33 | L5: 9.36 | N5: 9.36
A6: %e | F6: =F5*F4*F3*10^-7*10 -> 0.081243 | H6: =H5*H4*H3*10^-7*139 -> 0.64199131 | J6: =J5*J4*J3*10^-7*86 -> 0.23264118 | L6: =L5*L4*L3*10^-7*50 -> 0.23166 | N6: =N5*N4*N3*10^-7*50 -> 0.05265
B7: Toplam %e = 1.240185488 < 5 uygundur

Sheet 5TR2-1Ayadınlatma
A1: AKTİF GÜÇ
A2: Branşman Noktasına İrca Edilen Yük | B2: 125 | C2: 125 | D2: 1375 | E2: 125 | F2: 125 | G2: 125 | H2: 375 | I2: 125 | J2: 125 | K2: 375 | L2: 250 | M2: 250 | N2: 125 | O2: 125
A3: Hat Yükleri (m) | B3: 3625 | C3: 3500 | D3: 3375 | E3: 2000 | F3: 1875 | G3: 1750 | H3: 1625 | I3: 1250 | J3: 1125 | K3: 1000 | L3: 625 | M3: 500 | N3: 250 | O3: 125
A4: Kmono
A5: %e

Sheet 5TR2-1Moment
A1: Moment | B1: Toplam Moment | C1: Kesit | D1: Önerilen Tertibi | E1: Tercih Edilen Hat Tertibi | F1: Hat Seçimi | G1: Isıya Göre Kontrol
A3: 5094.1437 | B3: 22750.841 | C3: 81.253002 | D3: 7 | E3: 7 | F3: 3xPhlox + Rose/Poppy | G3: UYGUNDUR
A4: 4933.3365 | B4: 22750.841 | C4: 81.253002 | D4: 7 | E4: 7 | F4: 3xPhlox + Rose/Poppy | G4: UYGUNDUR
A5: 0 | C5: 0 | D5: 1 | E5: 1 | F5: 5 x Rose | G5: UYGUNDUR
A6: 0 | C6: 0 | D6: 1 | E6: 1 | F6: 5 x Rose | G6: UYGUNDUR
A7: 0 | C7: 0 | D7: 1 | E7: 1 | F7: 5 x Rose | G7: UYGUNDUR
A8: 0 | C8: 0 | D8: 1 | E8: 1 | F8: 5 x Rose | G8: UYGUNDUR
A9: 0 | C9: 0 | D9: 1 | E9: 1 | F9: 5 x Rose | G9: UYGUNDUR
A10: 0 | C10: 0 | D10: 1 | E10: 1 | F10: 5 x Rose | G10: UYGUNDUR
A11: 0 | C11: 0 | D11: 1 | E11: 1 | F11: 5 x Rose | G11: UYGUNDUR
A12: 0 | C12: 0 | D12: 1 | E12: 1 | F12: 5 x Rose | G12: UYGUNDUR
A13: 0 | C13: 0 | D13: 1 | E13: 1 | F13: 5 x Rose | G13: UYGUNDUR
A14: 0 | C14: 0 | D14: 1 | E14: 1 | F14: 5 x Rose | G14: UYGUNDUR
A15: 0 | C15: 0 | D15: 1 | E15: 1 | F15: 5 x Rose | G15: UYGUNDUR
A16: 3905.3188 | B16: 17817.504 | C16: 63.633943 | D16: 6 | E16: 6 | F16: 3xAster+Rose/Pansy | G16: UYGUNDUR
A17: 2974.8314 | B17: 13912.185 | C17: 49.686376 | D17: 5 | E17: 6 | F17: 3xAster+Rose/Pansy | G17: UYGUNDUR
A18: 2751.4653 | B18: 10937.354 | C18: 39.061978 | D18: 4 | E18: 6 | F18: 3xAster+Rose/Pansy | G18: UYGUNDUR
A19: 2528.0991 | B19: 8185.8886 | C19: 29.235317 | D19: 3 | E19: 1 | F19: 5 x Rose | G19: UYGUNDUR
A20: 0 | C20: 0 | D20: 1 | E20: 1 | F20: 5 x Rose | G20: UYGUNDUR
A21: 0 | C21: 0 | D21: 1 | E21: 1 | F21: 5 x Rose | G21: UYGUNDUR
A22: 1830.9258 | B22: 5657.7895 | C22: 20.206391 | D22: 1 | E22: 1 | F22: 5 x Rose | G22: UYGUNDUR
A23: 1607.5597 | B23: 3826.8637 | C23: 13.66737 | D23: 1 | E23: 1 | F23: 5 x Rose | G23: UYGUNDUR
A24: 865.5696 | B24: 2219.304 | C24: 7.9260859 | D24: 1 | E24: 1 | F24: 5 x Rose | G24: UYGUNDUR
A25: 0 | C25: 0 | D25: 1 | E25: 1 | F25: 5 x Rose | G25: UYGUNDUR
A26: 0 | C26: 0 | D26: 1 | E26: 1 | F26: 5 x Rose | G26: UYGUNDUR
A27: 334.63905 | B27: 1353.7344 | C27: 4.8347659 | D27: 1 | E27: 1 | F27: 5 x Rose | G27: UYGUNDUR
A28: 762.70629 | B28: 1019.0954 | C28: 3.6396264 | D28: 1 | E28: 1 | F28: 5 x Rose | G28: UYGUNDUR
A29: 0 | C29: 0 | D29: 1 | E29: 1 | F29: 5 x Rose | G29: UYGUNDUR
A30: 192.29182 | B30: 256.3891 | C30: 0.91567536 | D30: 1 | E30: 1 | F30: 5 x Rose | G30: UYGUNDUR
A31: 64.097275 | B31: 64.097275 | C31: 0.22891884 | D31: 1 | E31: 1 | F31: 5 x Rose | G31: UYGUNDUR

Sheet 5TR2_2 Gücü ve Akım
A1: Direk No | B1: Hat No | C1: Mesafe | D1: Kat Sayısı | E1: Güç Yoğunluğu | F1: Hat Gücü | G1: Direk Gücü | H1: Direk Akımı | I1: Hat Akımı | J1: Moment | K1: Toplam Moment | L1: Kesit | M1: Önerilen Tertibi | N1: Tercih Edilen Hat Tertibi | O1: Hat Seçimi | P1: Isıya Göre Kontrol
A2: TR2-2 | G2: =0.5*F3 -> 2092.5 | H2: =G2/(SQRT(3)*380) -> 3.1792248
A3: 30 | B3: 30 | C3: 31 | D3: 3 | E3: 45 | F3: =C3*D3*E3 -> 4185 | G3: =0.5*(F3+F4) -> 4792.5 | H3: =G3/(SQRT(3)*380) -> 7.2814504 | I3: =H3+I4 -> 182.24137 | J3: =I3*C3 -> 5649.4825 | K3: =J3+K4 -> 29898.114 | L3: =K3/(8*35) -> 106.77898 | M3: =IF(L3>Veriler!$D$1,IF(L3>Veriler!$D$2,IF(L3>Veriler!$D$3,IF(L3>Veriler!$D$4,IF(L3>Veriler!$D$5,IF(L3>Veriler!$D$6,IF(L3>Veriler!$D$7,IF(L3>Veriler!$D$8,"ders sorumlusuna başvur",Veriler!$A$8),Veriler!$A$7),Veriler!$A$6),Veriler!$A$5),Veriler!$A$4),Veriler!$A$3),Veriler!$A$2),Veriler!$A$1) -> 8 | N3: 8 | O3: =VLOOKUP(N3,Veriler!A$1:C$8,2,FALSE) -> 3xOxlip+Rose/Aster | P3: UYGUNDUR
A4: 31 | B4: 31 | C4: 31 | D4: 3 | E4: 45 | F4: =C6*D5*E4 -> 5400 | G4: =0.5*(F4+F5) -> 4860 | H4: =G4/(SQRT(3)*380) -> 7.3840061 | I4: =H4+I5 -> 174.95992 | J4: =I4*C4 -> 5423.7576 | K4: =J4+K5 -> 24248.632 | L4: =K4/(8*35) -> 86.602256 | M4: =IF(L4>Veriler!$D$1,IF(L4>Veriler!$D$2,IF(L4>Veriler!$D$3,IF(L4>Veriler!$D$4,IF(L4>Veriler!$D$5,IF(L4>Veriler!$D$6,IF(L4>Veriler!$D$7,IF(L4>Veriler!$D$8,"ders sorumlusuna başvur",Veriler!$A$8),Veriler!$A$7),Veriler!$A$6),Veriler!$A$5),Veriler!$A$4),Veriler!$A$3),Veriler!$A$2),Veriler!$A$1) -> 8 | N4: 8 | O4: =VLOOKUP(N4,Veriler!A$1:C$8,2,FALSE) -> 3xOxlip+Rose/Aster | P4: =IF(I4<VLOOKUP(N4,Veriler!A$1:E$8,5,FALSE),"UYGUNDUR","KESİT AKIMI TAŞIYAMIYOR") -> UYGUNDUR
A5: 32 | B5: 32 | C5: 32 | D5: 3 | E5: 45 | F5: =C5*D5*E5 -> 4320 | G5: =0.5*(F5+F6+F9+F15) -> 8167.5 | H5: =G5/(SQRT(3)*380) -> 12.409232 | I5: =H5+H6+H7+H8+H9+H10+H11+H12+H13+H14+I15 -> 167.57592 | J5: =I5*C5 -> 5362.4293 | K5: =J5+K15 -> 18824.874 | L5: =K5/(8*35) -> 67.231693 | M5: =IF(L5>Veriler!$D$1,IF(L5>Veriler!$D$2,IF(L5>Veriler!$D$3,IF(L5>Veriler!$D$4,IF(L5>Veriler!$D$5,IF(L5>Veriler!$D$6,IF(L5>Veriler!$D$7,IF(L5>Veriler!$D$8,"ders sorumlusuna başvur",Veriler!$A$8),Veriler!$A$7),Veriler!$A$6),Veriler!$A$5),Veriler!$A$4),Veriler!$A$3),Veriler!$A$2),Veriler!$A$1) -> 7 | N5: 7 | O5: =VLOOKUP(N5,Veriler!A$1:C$8,2,FALSE) -> 3xPhlox + Rose/Poppy | P5: UYGUNDUR
A6: 33 | B6: 33 | C6: 40 | D6: 3 | E6: 45 | F6: =C6*D6*E6 -> 5400 | G6: =0.5*(F6+F7) -> 5400 | H6: =G6/(SQRT(3)*380) -> 8.2044512 | M6: =IF(L6>Veriler!$D$1,IF(L6>Veriler!$D$2,IF(L6>Veriler!$D$3,IF(L6>Veriler!$D$4,IF(L6>Veriler!$D$5,IF(L6>Veriler!$D$6,IF(L6>Veriler!$D$7,IF(L6>Veriler!$D$8,"ders sorumlusuna başvur",Veriler!$A$8),Veriler!$A$7),Veriler!$A$6),Veriler!$A$5),Veriler!$A$4),Veriler!$A$3),Veriler!$A$2),Veriler!$A$1) -> 1 | N6: 1 | O6: =VLOOKUP(N6,Veriler!A$1:C$8,2,FALSE) -> 5 x Rose | P6: =IF(I6<VLOOKUP(N6,Veriler!A$1:E$8,5,FALSE),"UYGUNDUR","KESİT AKIMI TAŞIYAMIYOR") -> UYGUNDUR
A7: 34 | B7: 34 | C7: 40 | D7: 3 | E7: 45 | F7: =C7*D7*E7 -> 5400 | G7: =0.5*(F7+F8) -> 4725 | H7: =G7/(SQRT(3)*380) -> 7.1788948 | M7: =IF(L7>Veriler!$D$1,IF(L7>Veriler!$D$2,IF(L7>Veriler!$D$3,IF(L7>Veriler!$D$4,IF(L7>Veriler!$D$5,IF(L7>Veriler!$D$6,IF(L7>Veriler!$D$7,IF(L7>Veriler!$D$8,"ders sorumlusuna başvur",Veriler!$A$8),Veriler!$A$7),Veriler!$A$6),Veriler!$A$5),Veriler!$A$4),Veriler!$A$3),Veriler!$A$2),Veriler!$A$1) -> 1 | N7: 1 | O7: =VLOOKUP(N7,Veriler!A$1:C$8,2,FALSE) -> 5 x Rose | P7: =IF(I7<VLOOKUP(N7,Veriler!A$1:E$8,5,FALSE),"UYGUNDUR","KESİT AKIMI TAŞIYAMIYOR") -> UYGUNDUR
A8: 35 | B8: 35 | C8: 30 | D8: 3 | E8: 45 | F8: =C8*D8*E8 -> 4050 | G8: =0.5*(F8) -> 2025 | H8: =G8/(SQRT(3)*380) -> 3.0766692 | M8: =IF(L8>Veriler!$D$1,IF(L8>Veriler!$D$2,IF(L8>Veriler!$D$3,IF(L8>Veriler!$D$4,IF(L8>Veriler!$D$5,IF(L8>Veriler!$D$6,IF(L8>Veriler!$D$7,IF(L8>Veriler!$D$8,"ders sorumlusuna başvur",Veriler!$A$8),Veriler!$A$7),Veriler!$A$6),Veriler!$A$5),Veriler!$A$4),Veriler!$A$3),Veriler!$A$2),Veriler!$A$1) -> 1 | N8: 1 | O8: =VLOOKUP(N8,Veriler!A$1:C$8,2,FALSE) -> 5 x Rose | P8: =IF(I8<VLOOKUP(N8,Veriler!A$1:E$8,5,FALSE),"UYGUNDUR","KESİT AKIMI TAŞIYAMIYOR") -> UYGUNDUR
A9: 36 | B9: 36 | C9: 40 | D9: 3 | E9: 45 | F9: =C9*D9*E9 -> 5400 | G9: =0.5*(F9+F10) -> 5400 | H9: =G9/(SQRT(3)*380) -> 8.2044512 | M9: =IF(L9>Veriler!$D$1,IF(L9>Veriler!$D$2,IF(L9>Veriler!$D$3,IF(L9>Veriler!$D$4,IF(L9>Veriler!$D$5,IF(L9>Veriler!$D$6,IF(L9>Veriler!$D$7,IF(L9>Veriler!$D$8,"ders sorumlusuna başvur",Veriler!$A$8),Veriler!$A$7),Veriler!$A$6),Veriler!$A$5),Veriler!$A$4),Veriler!$A$3),Veriler!$A$2),Veriler!$A$1) -> 1 | N9: 1 | O9: =VLOOKUP(N9,Veriler!A$1:C$8,2,FALSE) -> 5 x Rose | P9: =IF(I9<VLOOKUP(N9,Veriler!A$1:E$8,5,FALSE),"UYGUNDUR","KESİT AKIMI TAŞIYAMIYOR") -> UYGUNDUR
A10: 37 | B10: 37 | C10: 40 | D10: 3 | E10: 45 | F10: =C10*D10*E10 -> 5400 | G10: =0.5*(F10+F11) -> 5400 | H10: =G10/(SQRT(3)*380) -> 8.2044512 | M10: =IF(L10>Veriler!$D$1,IF(L10>Veriler!$D$2,IF(L10>Veriler!$D$3,IF(L10>Veriler!$D$4,IF(L10>Veriler!$D$5,IF(L10>Veriler!$D$6,IF(L10>Veriler!$D$7,IF(L10>Veriler!$D$8,"ders sorumlusuna başvur",Veriler!$A$8),Veriler!$A$7),Veriler!$A$6),Veriler!$A$5),Veriler!$A$4),Veriler!$A$3),Veriler!$A$2),Veriler!$A$1) -> 1 | N10: 1 | O10: =VLOOKUP(N10,Veriler!A$1:C$8,2,FALSE) -> 5 x Rose | P10: =IF(I10<VLOOKUP(N10,Veriler!A$1:E$8,5,FALSE),"UYGUNDUR","KESİT AKIMI TAŞIYAMIYOR") -> UYGUNDUR
A11: 38 | B11: 38 | C11: 40 | D11: 3 | E11: 45 | F11: =C11*D11*E11 -> 5400 | G11: =0.5*(F11+F12) -> 5400 | H11: =G11/(SQRT(3)*380) -> 8.2044512 | M11: =IF(L11>Veriler!$D$1,IF(L11>Veriler!$D$2,IF(L11>Veriler!$D$3,IF(L11>Veriler!$D$4,IF(L11>Veriler!$D$5,IF(L11>Veriler!$D$6,IF(L11>Veriler!$D$7,IF(L11>Veriler!$D$8,"ders sorumlusuna başvur",Veriler!$A$8),Veriler!$A$7),Veriler!$A$6),Veriler!$A$5),Veriler!$A$4),Veriler!$A$3),Veriler!$A$2),Veriler!$A$1) -> 1 | N11: 1 | O11: =VLOOKUP(N11,Veriler!A$1:C$8,2,FALSE) -> 5 x Rose | P11: =IF(I11<VLOOKUP(N11,Veriler!A$1:E$8,5,FALSE),"UYGUNDUR","KESİT AKIMI TAŞIYAMIYOR") -> UYGUNDUR
A12: 39 | B12: 39 | C12: 40 | D12: 3 | E12: 45 | F12: =C12*D12*E12 -> 5400 | G12: =0.5*(F12+F13+F14) -> 7087.5 | H12: =G12/(SQRT(3)*380) -> 10.768342 | M12: =IF(L12>Veriler!$D$1,IF(L12>Veriler!$D$2,IF(L12>Veriler!$D$3,IF(L12>Veriler!$D$4,IF(L12>Veriler!$D$5,IF(L12>Veriler!$D$6,IF(L12>Veriler!$D$7,IF(L12>Veriler!$D$8,"ders sorumlusuna başvur",Veriler!$A$8),Veriler!$A$7),Veriler!$A$6),Veriler!$A$5),Veriler!$A$4),Veriler!$A$3),Veriler!$A$2),Veriler!$A$1) -> 1 | N12: 1 | O12: =VLOOKUP(N12,Veriler!A$1:C$8,2,FALSE) -> 5 x Rose | P12: =IF(I12<VLOOKUP(N12,Veriler!A$1:E$8,5,FALSE),"UYGUNDUR","KESİT AKIMI TAŞIYAMIYOR") -> UYGUNDUR
A13: 40 | B13: 40 | C13: 25 | D13: 3 | E13: 45 | F13: =C13*D13*E13 -> 3375 | G13: =0.5*(F13) -> 1687.5 | H13: =G13/(SQRT(3)*380) -> 2.563891 | M13: =IF(L13>Veriler!$D$1,IF(L13>Veriler!$D$2,IF(L13>Veriler!$D$3,IF(L13>Veriler!$D$4,IF(L13>Veriler!$D$5,IF(L13>Veriler!$D$6,IF(L13>Veriler!$D$7,IF(L13>Veriler!$D$8,"ders sorumlusuna başvur",Veriler!$A$8),Veriler!$A$7),Veriler!$A$6),Veriler!$A$5),Veriler!$A$4),Veriler!$A$3),Veriler!$A$2),Veriler!$A$1) -> 1 | N13: 1 | O13: =VLOOKUP(N13,Veriler!A$1:C$8,2,FALSE) -> 5 x Rose | P13: =IF(I13<VLOOKUP(N13,Veriler!A$1:E$8,5,FALSE),"UYGUNDUR","KESİT AKIMI TAŞIYAMIYOR") -> UYGUNDUR
A14: 41 | B14: 41 | C14: 40 | D14: 3 | E14: 45 | F14: =C14*D14*E14 -> 5400 | G14: =0.5*(F14) -> 2700 | H14: =G14/(SQRT(3)*380) -> 4.1022256 | M14: =IF(L14>Veriler!$D$1,IF(L14>Veriler!$D$2,IF(L14>Veriler!$D$3,IF(L14>Veriler!$D$4,IF(L14>Veriler!$D$5,IF(L14>Veriler!$D$6,IF(L14>Veriler!$D$7,IF(L14>Veriler!$D$8,"ders sorumlusuna başvur",Veriler!$A$8),Veriler!$A$7),Veriler!$A$6),Veriler!$A$5),Veriler!$A$4),Veriler!$A$3),Veriler!$A$2),Veriler!$A$1) -> 1 | N14: 1 | O14: =VLOOKUP(N14,Veriler!A$1:C$8,2,FALSE) -> 5 x Rose | P14: =IF(I14<VLOOKUP(N14,Veriler!A$1:E$8,5,FALSE),"UYGUNDUR","KESİT AKIMI TAŞIYAMIYOR") -> UYGUNDUR
A15: 42 | B15: 42 | C15: 9 | D15: 3 | E15: 45 | F15: =C15*D15*E15 -> 1215 | G15: =0.5*(F15+F16+F19) -> 3442.5 | H15: =G15/(SQRT(3)*380) -> 5.2303376 | I15: =H15+H16+H17+H18+I19 -> 94.658856 | J15: =I15*C15 -> 851.9297 | K15: =J15+K19 -> 13462.445 | L15: =K15/(8*35) -> 48.08016 | M15: 1 | N15: 1 | O15: =VLOOKUP(N15,Veriler!A$1:C$8,2,FALSE) -> 5 x Rose | P15: UYGUNDUR
A16: 43 | B16: 43 | C16: 20 | D16: 3 | E16: 45 | F16: =C16*D16*E16 -> 2700 | G16: =0.5*(F16+F17) -> 3150 | H16: =G16/(SQRT(3)*380) -> 4.7859299 | M16: =IF(L16>Veriler!$D$1,IF(L16>Veriler!$D$2,IF(L16>Veriler!$D$3,IF(L16>Veriler!$D$4,IF(L16>Veriler!$D$5,IF(L16>Veriler!$D$6,IF(L16>Veriler!$D$7,IF(L16>Veriler!$D$8,"ders sorumlusuna başvur",Veriler!$A$8),Veriler!$A$7),Veriler!$A$6),Veriler!$A$5),Veriler!$A$4),Veriler!$A$3),Veriler!$A$2),Veriler!$A$1) -> 1 | N16: 1 | O16: =VLOOKUP(N16,Veriler!A$1:C$8,2,FALSE) -> 5 x Rose | P16: =IF(I16<VLOOKUP(N16,Veriler!A$1:E$8,5,FALSE),"UYGUNDUR","KESİT AKIMI TAŞIYAMIYOR") -> UYGUNDUR
A17: 44 | B17: 44 | C17: 40 | D17: 2 | E17: 45 | F17: =C17*D17*E17 -> 3600 | G17: =0.5*(F17+F18) -> 3285 | H17: =G17/(SQRT(3)*380) -> 4.9910411 | M17: =IF(L17>Veriler!$D$1,IF(L17>Veriler!$D$2,IF(L17>Veriler!$D$3,IF(L17>Veriler!$D$4,IF(L17>Veriler!$D$5,IF(L17>Veriler!$D$6,IF(L17>Veriler!$D$7,IF(L17>Veriler!$D$8,"ders sorumlusuna başvur",Veriler!$A$8),Veriler!$A$7),Veriler!$A$6),Veriler!$A$5),Veriler!$A$4),Veriler!$A$3),Veriler!$A$2),Veriler!$A$1) -> 1 | N17: 1 | O17: =VLOOKUP(N17,Veriler!A$1:C$8,2,FALSE) -> 5 x Rose | P17: =IF(I17<VLOOKUP(N17,Veriler!A$1:E$8,5,FALSE),"UYGUNDUR","KESİT AKIMI TAŞIYAMIYOR") -> UYGUNDUR
A18: 45 | B18: 45 | C18: 33 | D18: 2 | E18: 45 | F18: =C18*D18*E18 -> 2970 | G18: =0.5*(F18) -> 1485 | H18: =G18/(SQRT(3)*380) -> 2.2562241 | M18: =IF(L18>Veriler!$D$1,IF(L18>Veriler!$D$2,IF(L18>Veriler!$D$3,IF(L18>Veriler!$D$4,IF(L18>Veriler!$D$5,IF(L18>Veriler!$D$6,IF(L18>Veriler!$D$7,IF(L18>Veriler!$D$8,"ders sorumlusuna başvur",Veriler!$A$8),Veriler!$A$7),Veriler!$A$6),Veriler!$A$5),Veriler!$A$4),Veriler!$A$3),Veriler!$A$2),Veriler!$A$1) -> 1 | N18: 1 | O18: =VLOOKUP(N18,Veriler!A$1:C$8,2,FALSE) -> 5 x Rose | P18: =IF(I18<VLOOKUP(N18,Veriler!A$1:E$8,5,FALSE),"UYGUNDUR","KESİT AKIMI TAŞIYAMIYOR") -> UYGUNDUR
A19: 46 | B19: 46 | C19: 33 | D19: 2 | E19: 45 | F19: =C19*D19*E19 -> 2970 | G19: =0.5*(F19+F20+F25) -> 3285 | H19: =G19/(SQRT(3)*380) -> 4.9910411 | I19: =H19+H20+H21+H22+H23+H24+I25 -> 77.395323 | J19: =I19*C19 -> 2554.0457 | K19: =J19+K25 -> 12610.515 | L19: =K19/(8*35) -> 45.037553 | M19: 1 | N19: 1 | O19: =VLOOKUP(N19,Veriler!A$1:C$8,2,FALSE) -> 5 x Rose | P19: UYGUNDUR
A20: 47 | B20: 47 | C20: 30 | D20: 2 | E20: 45 | F20: =C20*D20*E20 -> 2700 | G20: =0.5*(F20+F21) -> 3150 | H20: =G20/(SQRT(3)*380) -> 4.7859299 | M20: =IF(L20>Veriler!$D$1,IF(L20>Veriler!$D$2,IF(L20>Veriler!$D$3,IF(L20>Veriler!$D$4,IF(L20>Veriler!$D$5,IF(L20>Veriler!$D$6,IF(L20>Veriler!$D$7,IF(L20>Veriler!$D$8,"ders sorumlusuna başvur",Veriler!$A$8),Veriler!$A$7),Veriler!$A$6),Veriler!$A$5),Veriler!$A$4),Veriler!$A$3),Veriler!$A$2),Veriler!$A$1) -> 1 | N20: 1 | O20: =VLOOKUP(N20,Veriler!A$1:C$8,2,FALSE) -> 5 x Rose | P20: =IF(I20<VLOOKUP(N20,Veriler!A$1:E$8,5,FALSE),"UYGUNDUR","KESİT AKIMI TAŞIYAMIYOR") -> UYGUNDUR
A21: 48 | B21: 48 | C21: 40 | D21: 2 | E21: 45 | F21: =C21*D21*E21 -> 3600 | G21: =0.5*(F21+F22) -> 3375 | H21: =G21/(SQRT(3)*380) -> 5.127782 | M21: =IF(L21>Veriler!$D$1,IF(L21>Veriler!$D$2,IF(L21>Veriler!$D$3,IF(L21>Veriler!$D$4,IF(L21>Veriler!$D$5,IF(L21>Veriler!$D$6,IF(L21>Veriler!$D$7,IF(L21>Veriler!$D$8,"ders sorumlusuna başvur",Veriler!$A$8),Veriler!$A$7),Veriler!$A$6),Veriler!$A$5),Veriler!$A$4),Veriler!$A$3),Veriler!$A$2),Veriler!$A$1) -> 1 | N21: 1 | O21: =VLOOKUP(N21,Veriler!A$1:C$8,2,FALSE) -> 5 x Rose | P21: =IF(I21<VLOOKUP(N21,Veriler!A$1:E$8,5,FALSE),"UYGUNDUR","KESİT AKIMI TAŞIYAMIYOR") -> UYGUNDUR
A22: 49 | B22: 49 | C22: 35 | D22: 2 | E22: 45 | F22: =C22*D22*E22 -> 3150 | G22: =0.5*(F22+F23) -> 2002.5 | H22: =G22/(SQRT(3)*380) -> 3.042484 | M22: =IF(L22>Veriler!$D$1,IF(L22>Veriler!$D$2,IF(L22>Veriler!$D$3,IF(L22>Veriler!$D$4,IF(L22>Veriler!$D$5,IF(L22>Veriler!$D$6,IF(L22>Veriler!$D$7,IF(L22>Veriler!$D$8,"ders sorumlusuna başvur",Veriler!$A$8),Veriler!$A$7),Veriler!$A$6),Veriler!$A$5),Veriler!$A$4),Veriler!$A$3),Veriler!$A$2),Veriler!$A$1) -> 1 | N22: 1 | O22: =VLOOKUP(N22,Veriler!A$1:C$8,2,FALSE) -> 5 x Rose | P22: =IF(I22<VLOOKUP(N22,Veriler!A$1:E$8,5,FALSE),"UYGUNDUR","KESİT AKIMI TAŞIYAMIYOR") -> UYGUNDUR
A23: 50 | B23: 50 | C23: 19 | D23: 1 | E23: 45 | F23: =C23*D23*E23 -> 855 | G23: =0.5*(F23+F24) -> 1327.5 | H23: =G23/(SQRT(3)*380) -> 2.0169276 | M23: =IF(L23>Veriler!$D$1,IF(L23>Veriler!$D$2,IF(L23>Veriler!$D$3,IF(L23>Veriler!$D$4,IF(L23>Veriler!$D$5,IF(L23>Veriler!$D$6,IF(L23>Veriler!$D$7,IF(L23>Veriler!$D$8,"ders sorumlusuna başvur",Veriler!$A$8),Veriler!$A$7),Veriler!$A$6),Veriler!$A$5),Veriler!$A$4),Veriler!$A$3),Veriler!$A$2),Veriler!$A$1) -> 1 | N23: 1 | O23: =VLOOKUP(N23,Veriler!A$1:C$8,2,FALSE) -> 5 x Rose | P23: =IF(I23<VLOOKUP(N23,Veriler!A$1:E$8,5,FALSE),"UYGUNDUR","KESİT AKIMI TAŞIYAMIYOR") -> UYGUNDUR
A24: 51 | B24: 51 | C24: 40 | D24: 1 | E24: 45 | F24: =C24*D24*E24 -> 1800 | G24: =0.5*(F24) -> 900 | H24: =G24/(SQRT(3)*380) -> 1.3674085 | M24: =IF(L24>Veriler!$D$1,IF(L24>Veriler!$D$2,IF(L24>Veriler!$D$3,IF(L24>Veriler!$D$4,IF(L24>Veriler!$D$5,IF(L24>Veriler!$D$6,IF(L24>Veriler!$D$7,IF(L24>Veriler!$D$8,"ders sorumlusuna başvur",Veriler!$A$8),Veriler!$A$7),Veriler!$A$6),Veriler!$A$5),Veriler!$A$4),Veriler!$A$3),Veriler!$A$2),Veriler!$A$1) -> 1 | N24: 1 | O24: =VLOOKUP(N24,Veriler!A$1:C$8,2,FALSE) -> 5 x Rose | P24: =IF(I24<VLOOKUP(N24,Veriler!A$1:E$8,5,FALSE),"UYGUNDUR","KESİT AKIMI TAŞIYAMIYOR") -> UYGUNDUR
A25: 52 | B25: 52 | C25: 20 | D25: 1 | E25: 45 | F25: =C25*D25*E25 -> 900 | G25: =0.5*(F25+F26) -> 765 | H25: =G25/(SQRT(3)*380) -> 1.1622973 | I25: =H25+I26 -> 56.06375 | J25: =I25*C25 -> 1121.275 | K25: =J25+K26 -> 10056.469 | L25: =K25/(8*35) -> 35.915962 | M25: =IF(L25>Veriler!$D$1,IF(L25>Veriler!$D$2,IF(L25>Veriler!$D$3,IF(L25>Veriler!$D$4,IF(L25>Veriler!$D$5,IF(L25>Veriler!$D$6,IF(L25>Veriler!$D$7,IF(L25>Veriler!$D$8,"ders sorumlusuna başvur",Veriler!$A$8),Veriler!$A$7),Veriler!$A$6),Veriler!$A$5),Veriler!$A$4),Veriler!$A$3),Veriler!$A$2),Veriler!$A$1) -> 4 | N25: 8 | O25: =VLOOKUP(N25,Veriler!A$1:C$8,2,FALSE) -> 3xOxlip+Rose/Aster | P25: =IF(I25<VLOOKUP(N25,Veriler!A$1:E$8,5,FALSE),"UYGUNDUR","KESİT AKIMI TAŞIYAMIYOR") -> UYGUNDUR
A26: 53 | B26: 53 | C26: 14 | D26: 1 | E26: 45 | F26: =C26*D26*E26 -> 630 | G26: =0.5*(F26+F27+F32) -> 2115 | H26: =G26/(SQRT(3)*380) -> 3.2134101 | I26: =H26+H27+H28+H29+H30+H31+I32 -> 54.901453 | J26: =I26*C26 -> 768.62034 | K26: =J26+K32 -> 8935.1943 | L26: =K26/(8*35) -> 31.911408 | M26: =IF(L26>Veriler!$D$1,IF(L26>Veriler!$D$2,IF(L26>Veriler!$D$3,IF(L26>Veriler!$D$4,IF(L26>Veriler!$D$5,IF(L26>Veriler!$D$6,IF(L26>Veriler!$D$7,IF(L26>Veriler!$D$8,"ders sorumlusuna başvur",Veriler!$A$8),Veriler!$A$7),Veriler!$A$6),Veriler!$A$5),Veriler!$A$4),Veriler!$A$3),Veriler!$A$2),Veriler!$A$1) -> 3 | N26: 7 | O26: =VLOOKUP(N26,Veriler!A$1:C$8,2,FALSE) -> 3xPhlox + Rose/Poppy | P26: =IF(I26<VLOOKUP(N26,Veriler!A$1:E$8,5,FALSE),"UYGUNDUR","KESİT AKIMI TAŞIYAMIYOR") -> UYGUNDUR
A27: 54 | B27: 54 | C27: 40 | D27: 1 | E27: 45 | F27: =C27*D27*E27 -> 1800 | G27: =0.5*(F27+F28+F29) -> 2700 | H27: =G27/(SQRT(3)*380) -> 4.1022256 | M27: =IF(L27>Veriler!$D$1,IF(L27>Veriler!$D$2,IF(L27>Veriler!$D$3,IF(L27>Veriler!$D$4,IF(L27>Veriler!$D$5,IF(L27>Veriler!$D$6,IF(L27>Veriler!$D$7,IF(L27>Veriler!$D$8,"ders sorumlusuna başvur",Veriler!$A$8),Veriler!$A$7),Veriler!$A$6),Veriler!$A$5),Veriler!$A$4),Veriler!$A$3),Veriler!$A$2),Veriler!$A$1) -> 1 | N27: 1 | O27: =VLOOKUP(N27,Veriler!A$1:C$8,2,FALSE) -> 5 x Rose | P27: =IF(I27<VLOOKUP(N27,Veriler!A$1:E$8,5,FALSE),"UYGUNDUR","KESİT AKIMI TAŞIYAMIYOR") -> UYGUNDUR
A28: 55 | B28: 55 | C28: 40 | D28: 1 | E28: 45 | F28: =C28*D28*E28 -> 1800 | G28: =0.5*(F28) -> 900 | H28: =G28/(SQRT(3)*380) -> 1.3674085 | M28: =IF(L28>Veriler!$D$1,IF(L28>Veriler!$D$2,IF(L28>Veriler!$D$3,IF(L28>Veriler!$D$4,IF(L28>Veriler!$D$5,IF(L28>Veriler!$D$6,IF(L28>Veriler!$D$7,IF(L28>Veriler!$D$8,"ders sorumlusuna başvur",Veriler!$A$8),Veriler!$A$7),Veriler!$A$6),Veriler!$A$5),Veriler!$A$4),Veriler!$A$3),Veriler!$A$2),Veriler!$A$1) -> 1 | N28: 1 | O28: =VLOOKUP(N28,Veriler!A$1:C$8,2,FALSE) -> 5 x Rose | P28: =IF(I28<VLOOKUP(N28,Veriler!A$1:E$8,5,FALSE),"UYGUNDUR","KESİT AKIMI TAŞIYAMIYOR") -> UYGUNDUR
A29: 56 | B29: 56 | C29: 40 | D29: 1 | E29: 45 | F29: =C29*D29*E29 -> 1800 | G29: =0.5*(F29+F30) -> 1350 | H29: =G29/(SQRT(3)*380) -> 2.0511128 | M29: =IF(L29>Veriler!$D$1,IF(L29>Veriler!$D$2,IF(L29>Veriler!$D$3,IF(L29>Veriler!$D$4,IF(L29>Veriler!$D$5,IF(L29>Veriler!$D$6,IF(L29>Veriler!$D$7,IF(L29>Veriler!$D$8,"ders sorumlusuna başvur",Veriler!$A$8),Veriler!$A$7),Veriler!$A$6),Veriler!$A$5),Veriler!$A$4),Veriler!$A$3),Veriler!$A$2),Veriler!$A$1) -> 1 | N29: 1 | O29: =VLOOKUP(N29,Veriler!A$1:C$8,2,FALSE) -> 5 x Rose | P29: =IF(I29<VLOOKUP(N29,Veriler!A$1:E$8,5,FALSE),"UYGUNDUR","KESİT AKIMI TAŞIYAMIYOR") -> UYGUNDUR
A30: 57 | B30: 57 | C30: 20 | D30: 1 | E30: 45 | F30: =C30*D30*E30 -> 900 | G30: =0.5*(F30+F31) -> 1125 | H30: =G30/(SQRT(3)*380) -> 1.7092607 | M30: =IF(L30>Veriler!$D$1,IF(L30>Veriler!$D$2,IF(L30>Veriler!$D$3,IF(L30>Veriler!$D$4,IF(L30>Veriler!$D$5,IF(L30>Veriler!$D$6,IF(L30>Veriler!$D$7,IF(L30>Veriler!$D$8,"ders sorumlusuna başvur",Veriler!$A$8),Veriler!$A$7),Veriler!$A$6),Veriler!$A$5),Veriler!$A$4),Veriler!$A$3),Veriler!$A$2),Veriler!$A$1) -> 1 | N30: 1 | O30: =VLOOKUP(N30,Veriler!A$1:C$8,2,FALSE) -> 5 x Rose | P30: =IF(I30<VLOOKUP(N30,Veriler!A$1:E$8,5,FALSE),"UYGUNDUR","KESİT AKIMI TAŞIYAMIYOR") -> UYGUNDUR
A31: 58 | B31: 58 | C31: 30 | D31: 1 | E31: 45 | F31: =C31*D31*E31 -> 1350 | G31: =0.5*(F31) -> 675 | H31: =G31/(SQRT(3)*380) -> 1.0255564 | M31: =IF(L31>Veriler!$D$1,IF(L31>Veriler!$D$2,IF(L31>Veriler!$D$3,IF(L31>Veriler!$D$4,IF(L31>Veriler!$D$5,IF(L31>Veriler!$D$6,IF(L31>Veriler!$D$7,IF(L31>Veriler!$D$8,"ders sorumlusuna başvur",Veriler!$A$8),Veriler!$A$7),Veriler!$A$6),Veriler!$A$5),Veriler!$A$4),Veriler!$A$3),Veriler!$A$2),Veriler!$A$1) -> 1 | N31: 1 | O31: =VLOOKUP(N31,Veriler!A$1:C$8,2,FALSE) -> 5 x Rose | P31: =IF(I31<VLOOKUP(N31,Veriler!A$1:E$8,5,FALSE),"UYGUNDUR","KESİT AKIMI TAŞIYAMIYOR") -> UYGUNDUR
A32: 59 | B32: 59 | C32: 40 | D32: 1 | E32: 45 | F32: =C32*D32*E32 -> 1800 | G32: =0.5*(F32+F33) -> 1642.5 | H32: =G32/(SQRT(3)*380) -> 2.4955206 | I32: =H32+I33 -> 41.432479 | J32: =I32*C32 -> 1657.2991 | K32: =J32+K33 -> 8166.574 | L32: =K32/(8*35) -> 29.166336 | M32: =IF(L32>Veriler!$D$1,IF(L32>Veriler!$D$2,IF(L32>Veriler!$D$3,IF(L32>Veriler!$D$4,IF(L32>Veriler!$D$5,IF(L32>Veriler!$D$6,IF(L32>Veriler!$D$7,IF(L32>Veriler!$D$8,"ders sorumlusuna başvur",Veriler!$A$8),Veriler!$A$7),Veriler!$A$6),Veriler!$A$5),Veriler!$A$4),Veriler!$A$3),Veriler!$A$2),Veriler!$A$1) -> 3 | N32: 1 | O32: =VLOOKUP(N32,Veriler!A$1:C$8,2,FALSE) -> 5 x Rose | P32: UYGUNDUR
A33: 60 | B33: 60 | C33: 33 | D33: 1 | E33: 45 | F33: =C33*D33*E33 -> 1485 | G33: =0.5*(F33+F34+F39) -> 2430 | H33: =G33/(SQRT(3)*380) -> 3.692003 | I33: =H33+H34+H35+H36+H37+H38+I39 -> 38.936958 | J33: =I33*C33 -> 1284.9196 | K33: =J33+K39 -> 6509.2748 | L33: =K33/(8*35) -> 23.24741 | M33: =IF(L33>Veriler!$D$1,IF(L33>Veriler!$D$2,IF(L33>Veriler!$D$3,IF(L33>Veriler!$D$4,IF(L33>Veriler!$D$5,IF(L33>Veriler!$D$6,IF(L33>Veriler!$D$7,IF(L33>Veriler!$D$8,"ders sorumlusuna başvur",Veriler!$A$8),Veriler!$A$7),Veriler!$A$6),Veriler!$A$5),Veriler!$A$4),Veriler!$A$3),Veriler!$A$2),Veriler!$A$1) -> 2 | N33: 1 | O33: =VLOOKUP(N33,Veriler!A$1:C$8,2,FALSE) -> 5 x Rose | P33: =IF(I33<VLOOKUP(N33,Veriler!A$1:E$8,5,FALSE),"UYGUNDUR","KESİT AKIMI TAŞIYAMIYOR") -> UYGUNDUR
A34: 61 | B34: 61 | C34: 34 | D34: 1 | E34: 45 | F34: =C34*D34*E34 -> 1530 | G34: =0.5*(F34+F35) -> 1530 | H34: =G34/(SQRT(3)*380) -> 2.3245945 | M34: =IF(L34>Veriler!$D$1,IF(L34>Veriler!$D$2,IF(L34>Veriler!$D$3,IF(L34>Veriler!$D$4,IF(L34>Veriler!$D$5,IF(L34>Veriler!$D$6,IF(L34>Veriler!$D$7,IF(L34>Veriler!$D$8,"ders sorumlusuna başvur",Veriler!$A$8),Veriler!$A$7),Veriler!$A$6),Veriler!$A$5),Veriler!$A$4),Veriler!$A$3),Veriler!$A$2),Veriler!$A$1) -> 1 | N34: 1 | O34: =VLOOKUP(N34,Veriler!A$1:C$8,2,FALSE) -> 5 x Rose | P34: =IF(I34<VLOOKUP(N34,Veriler!A$1:E$8,5,FALSE),"UYGUNDUR","KESİT AKIMI TAŞIYAMIYOR") -> UYGUNDUR
A35: 62 | B35: 62 | C35: 34 | D35: 1 | E35: 45 | F35: =C35*D35*E35 -> 1530 | G35: =0.5*(F35+F36+F37) -> 2002.5 | H35: =G35/(SQRT(3)*380) -> 3.042484 | M35: =IF(L35>Veriler!$D$1,IF(L35>Veriler!$D$2,IF(L35>Veriler!$D$3,IF(L35>Veriler!$D$4,IF(L35>Veriler!$D$5,IF(L35>Veriler!$D$6,IF(L35>Veriler!$D$7,IF(L35>Veriler!$D$8,"ders sorumlusuna başvur",Veriler!$A$8),Veriler!$A$7),Veriler!$A$6),Veriler!$A$5),Veriler!$A$4),Veriler!$A$3),Veriler!$A$2),Veriler!$A$1) -> 1 | N35: 1 | O35: =VLOOKUP(N35,Veriler!A$1:C$8,2,FALSE) -> 5 x Rose | P35: =IF(I35<VLOOKUP(N35,Veriler!A$1:E$8,5,FALSE),"UYGUNDUR","KESİT AKIMI TAŞIYAMIYOR") -> UYGUNDUR
A36: 63 | B36: 63 | C36: 20 | D36: 1 | E36: 45 | F36: =C36*D36*E36 -> 900 | G36: =0.5*(F36) -> 450 | H36: =G36/(SQRT(3)*380) -> 0.68370427 | M36: =IF(L36>Veriler!$D$1,IF(L36>Veriler!$D$2,IF(L36>Veriler!$D$3,IF(L36>Veriler!$D$4,IF(L36>Veriler!$D$5,IF(L36>Veriler!$D$6,IF(L36>Veriler!$D$7,IF(L36>Veriler!$D$8,"ders sorumlusuna başvur",Veriler!$A$8),Veriler!$A$7),Veriler!$A$6),Veriler!$A$5),Veriler!$A$4),Veriler!$A$3),Veriler!$A$2),Veriler!$A$1) -> 1 | N36: 1 | O36: =VLOOKUP(N36,Veriler!A$1:C$8,2,FALSE) -> 5 x Rose | P36: =IF(I36<VLOOKUP(N36,Veriler!A$1:E$8,5,FALSE),"UYGUNDUR","KESİT AKIMI TAŞIYAMIYOR") -> UYGUNDUR
A37: 64 | B37: 64 | C37: 35 | D37: 1 | E37: 45 | F37: =C37*D37*E37 -> 1575 | G37: =0.5*(F37+F38) -> 1575 | H37: =G37/(SQRT(3)*380) -> 2.3929649 | M37: =IF(L37>Veriler!$D$1,IF(L37>Veriler!$D$2,IF(L37>Veriler!$D$3,IF(L37>Veriler!$D$4,IF(L37>Veriler!$D$5,IF(L37>Veriler!$D$6,IF(L37>Veriler!$D$7,IF(L37>Veriler!$D$8,"ders sorumlusuna başvur",Veriler!$A$8),Veriler!$A$7),Veriler!$A$6),Veriler!$A$5),Veriler!$A$4),Veriler!$A$3),Veriler!$A$2),Veriler!$A$1) -> 1 | N37: 1 | O37: =VLOOKUP(N37,Veriler!A$1:C$8,2,FALSE) -> 5 x Rose | P37: =IF(I37<VLOOKUP(N37,Veriler!A$1:E$8,5,FALSE),"UYGUNDUR","KESİT AKIMI TAŞIYAMIYOR") -> UYGUNDUR
A38: 65 | B38: 65 | C38: 35 | D38: 1 | E38: 45 | F38: =C38*D38*E38 -> 1575 | G38: =0.5*(F38) -> 787.5 | H38: =G38/(SQRT(3)*380) -> 1.1964825 | M38: =IF(L38>Veriler!$D$1,IF(L38>Veriler!$D$2,IF(L38>Veriler!$D$3,IF(L38>Veriler!$D$4,IF(L38>Veriler!$D$5,IF(L38>Veriler!$D$6,IF(L38>Veriler!$D$7,IF(L38>Veriler!$D$8,"ders sorumlusuna başvur",Veriler!$A$8),Veriler!$A$7),Veriler!$A$6),Veriler!$A$5),Veriler!$A$4),Veriler!$A$3),Veriler!$A$2),Veriler!$A$1) -> 1 | N38: 1 | O38: =VLOOKUP(N38,Veriler!A$1:C$8,2,FALSE) -> 5 x Rose | P38: =IF(I38<VLOOKUP(N38,Veriler!A$1:E$8,5,FALSE),"UYGUNDUR","KESİT AKIMI TAŞIYAMIYOR") -> UYGUNDUR
A39: 66 | B39: 66 | C39: 41 | D39: 1 | E39: 45 | F39: =C39*D39*E39 -> 1845 | G39: =0.5*(F39+F40) -> 1845 | H39: =G39/(SQRT(3)*380) -> 2.8031875 | I39: =H39+I40 -> 25.604725 | J39: =I39*C39 -> 1049.7937 | K39: =J39+K40 -> 5224.3552 | L39: =K39/(8*35) -> 18.658412 | M39: =IF(L39>Veriler!$D$1,IF(L39>Veriler!$D$2,IF(L39>Veriler!$D$3,IF(L39>Veriler!$D$4,IF(L39>Veriler!$D$5,IF(L39>Veriler!$D$6,IF(L39>Veriler!$D$7,IF(L39>Veriler!$D$8,"ders sorumlusuna başvur",Veriler!$A$8),Veriler!$A$7),Veriler!$A$6),Veriler!$A$5),Veriler!$A$4),Veriler!$A$3),Veriler!$A$2),Veriler!$A$1) -> 1 | N39: 7 | O39: =VLOOKUP(N39,Veriler!A$1:C$8,2,FALSE) -> 3xPhlox + Rose/Poppy | P39: =IF(I39<VLOOKUP(N39,Veriler!A$1:E$8,5,FALSE),"UYGUNDUR","KESİT AKIMI TAŞIYAMIYOR") -> UYGUNDUR
A40: 67 | B40: 67 | C40: 41 | D40: 1 | E40: 45 | F40: =C40*D40*E40 -> 1845 | G40: =0.5*(F40+F41) -> 1665 | H40: =G40/(SQRT(3)*380) -> 2.5297058 | I40: =H40+I41 -> 22.801537 | J40: =I40*C40 -> 934.86303 | K40: =J40+K41 -> 4174.5615 | L40: =K40/(8*35) -> 14.909148 | M40: =IF(L40>Veriler!$D$1,IF(L40>Veriler!$D$2,IF(L40>Veriler!$D$3,IF(L40>Veriler!$D$4,IF(L40>Veriler!$D$5,IF(L40>Veriler!$D$6,IF(L40>Veriler!$D$7,IF(L40>Veriler!$D$8,"ders sorumlusuna başvur",Veriler!$A$8),Veriler!$A$7),Veriler!$A$6),Veriler!$A$5),Veriler!$A$4),Veriler!$A$3),Veriler!$A$2),Veriler!$A$1) -> 1 | N40: 7 | O40: =VLOOKUP(N40,Veriler!A$1:C$8,2,FALSE) -> 3xPhlox + Rose/Poppy | P40: =IF(I40<VLOOKUP(N40,Veriler!A$1:E$8,5,FALSE),"UYGUNDUR","KESİT AKIMI TAŞIYAMIYOR") -> UYGUNDUR
A41: 68 | B41: 68 | C41: 33 | D41: 1 | E41: 45 | F41: =C41*D41*E41 -> 1485 | G41: =0.5*(F41+F42+F43) -> 2542.5 | H41: =G41/(SQRT(3)*380) -> 3.8629291 | I41: =H41+I42 -> 20.271831 | J41: =I41*C41 -> 668.97044 | K41: =J41+K42 -> 3239.6985 | L41: =K41/(8*35) -> 11.570352 | M41: =IF(L41>Veriler!$D$1,IF(L41>Veriler!$D$2,IF(L41>Veriler!$D$3,IF(L41>Veriler!$D$4,IF(L41>Veriler!$D$5,IF(L41>Veriler!$D$6,IF(L41>Veriler!$D$7,IF(L41>Veriler!$D$8,"ders sorumlusuna başvur",Veriler!$A$8),Veriler!$A$7),Veriler!$A$6),Veriler!$A$5),Veriler!$A$4),Veriler!$A$3),Veriler!$A$2),Veriler!$A$1) -> 1 | N41: 1 | O41: =VLOOKUP(N41,Veriler!A$1:C$8,2,FALSE) -> 5 x Rose | P41: =IF(I41<VLOOKUP(N41,Veriler!A$1:E$8,5,FALSE),"UYGUNDUR","KESİT AKIMI TAŞIYAMIYOR") -> UYGUNDUR
A42: 69 | B42: 69 | C42: 40 | D42: 1 | E42: 45 | F42: =C42*D42*E42 -> 1800 | G42: =0.5*(F42) -> 900 | H42: =G42/(SQRT(3)*380) -> 1.3674085 | I42: =H42+I43 -> 16.408902 | J42: =I42*C42 -> 656.3561 | K42: =J42+K43 -> 2570.728 | L42: =K42/(8*35) -> 9.1811716 | M42: =IF(L42>Veriler!$D$1,IF(L42>Veriler!$D$2,IF(L42>Veriler!$D$3,IF(L42>Veriler!$D$4,IF(L42>Veriler!$D$5,IF(L42>Veriler!$D$6,IF(L42>Veriler!$D$7,IF(L42>Veriler!$D$8,"ders sorumlusuna başvur",Veriler!$A$8),Veriler!$A$7),Veriler!$A$6),Veriler!$A$5),Veriler!$A$4),Veriler!$A$3),Veriler!$A$2),Veriler!$A$1) -> 1 | N42: 1 | O42: =VLOOKUP(N42,Veriler!A$1:C$8,2,FALSE) -> 5 x Rose | P42: =IF(I42<VLOOKUP(N42,Veriler!A$1:E$8,5,FALSE),"UYGUNDUR","KESİT AKIMI TAŞIYAMIYOR") -> UYGUNDUR
A43: 70 | B43: 70 | C43: 40 | D43: 1 | E43: 45 | F43: =C43*D43*E43 -> 1800 | G43: =0.5*(F43+F44) -> 1800 | H43: =G43/(SQRT(3)*380) -> 2.7348171 | I43: =H43+I44 -> 15.041494 | J43: =I43*C43 -> 601.65975 | K43: =J43+K44 -> 1914.3719 | L43: =K43/(8*35) -> 6.8370427 | M43: =IF(L43>Veriler!$D$1,IF(L43>Veriler!$D$2,IF(L43>Veriler!$D$3,IF(L43>Veriler!$D$4,IF(L43>Veriler!$D$5,IF(L43>Veriler!$D$6,IF(L43>Veriler!$D$7,IF(L43>Veriler!$D$8,"ders sorumlusuna başvur",Veriler!$A$8),Veriler!$A$7),Veriler!$A$6),Veriler!$A$5),Veriler!$A$4),Veriler!$A$3),Veriler!$A$2),Veriler!$A$1) -> 1 | N43: 1 | O43: =VLOOKUP(N43,Veriler!A$1:C$8,2,FALSE) -> 5 x Rose | P43: =IF(I43<VLOOKUP(N43,Veriler!A$1:E$8,5,FALSE),"UYGUNDUR","KESİT AKIMI TAŞIYAMIYOR") -> UYGUNDUR
A44: 71 | B44: 71 | C44: 40 | D44: 1 | E44: 45 | F44: =C44*D44*E44 -> 1800 | G44: =0.5*(F44+F45) -> 1800 | H44: =G44/(SQRT(3)*380) -> 2.7348171 | I44: =H44+I45 -> 12.306677 | J44: =I44*C44 -> 492.26707 | K44: =J44+K45 -> 1312.7122 | L44: =K44/(8*35) -> 4.6882578 | M44: =IF(L44>Veriler!$D$1,IF(L44>Veriler!$D$2,IF(L44>Veriler!$D$3,IF(L44>Veriler!$D$4,IF(L44>Veriler!$D$5,IF(L44>Veriler!$D$6,IF(L44>Veriler!$D$7,IF(L44>Veriler!$D$8,"ders sorumlusuna başvur",Veriler!$A$8),Veriler!$A$7),Veriler!$A$6),Veriler!$A$5),Veriler!$A$4),Veriler!$A$3),Veriler!$A$2),Veriler!$A$1) -> 1 | N44: 1 | O44: =VLOOKUP(N44,Veriler!A$1:C$8,2,FALSE) -> 5 x Rose | P44: =IF(I44<VLOOKUP(N44,Veriler!A$1:E$8,5,FALSE),"UYGUNDUR","KESİT AKIMI TAŞIYAMIYOR") -> UYGUNDUR
A45: 72 | B45: 72 | C45: 40 | D45: 1 | E45: 45 | F45: =C45*D45*E45 -> 1800 | G45: =0.5*(F45+F46) -> 1800 | H45: =G45/(SQRT(3)*380) -> 2.7348171 | I45: =H45+I46 -> 9.5718597 | J45: =I45*C45 -> 382.87439 | K45: =J45+K46 -> 820.44512 | L45: =K45/(8*35) -> 2.9301611 | M45: =IF(L45>Veriler!$D$1,IF(L45>Veriler!$D$2,IF(L45>Veriler!$D$3,IF(L45>Veriler!$D$4,IF(L45>Veriler!$D$5,IF(L45>Veriler!$D$6,IF(L45>Veriler!$D$7,IF(L45>Veriler!$D$8,"ders sorumlusuna başvur",Veriler!$A$8),Veriler!$A$7),Veriler!$A$6),Veriler!$A$5),Veriler!$A$4),Veriler!$A$3),Veriler!$A$2),Veriler!$A$1) -> 1 | N45: 1 | O45: =VLOOKUP(N45,Veriler!A$1:C$8,2,FALSE) -> 5 x Rose | P45: =IF(I45<VLOOKUP(N45,Veriler!A$1:E$8,5,FALSE),"UYGUNDUR","KESİT AKIMI TAŞIYAMIYOR") -> UYGUNDUR
A46: 73 | B46: 73 | C46: 40 | D46: 1 | E46: 45 | F46: =C46*D46*E46 -> 1800 | G46: =0.5*(F46+F47) -> 1800 | H46: =G46/(SQRT(3)*380) -> 2.7348171 | I46: =H46+I47 -> 6.8370427 | J46: =I46*C46 -> 273.48171 | K46: =J46+K47 -> 437.57073 | L46: =K46/(8*35) -> 1.5627526 | M46: =IF(L46>Veriler!$D$1,IF(L46>Veriler!$D$2,IF(L46>Veriler!$D$3,IF(L46>Veriler!$D$4,IF(L46>Veriler!$D$5,IF(L46>Veriler!$D$6,IF(L46>Veriler!$D$7,IF(L46>Veriler!$D$8,"ders sorumlusuna başvur",Veriler!$A$8),Veriler!$A$7),Veriler!$A$6),Veriler!$A$5),Veriler!$A$4),Veriler!$A$3),Veriler!$A$2),Veriler!$A$1) -> 1 | N46: 1 | O46: =VLOOKUP(N46,Veriler!A$1:C$8,2,FALSE) -> 5 x Rose | P46: =IF(I46<VLOOKUP(N46,Veriler!A$1:E$8,5,FALSE),"UYGUNDUR","KESİT AKIMI TAŞIYAMIYOR") -> UYGUNDUR
A47: 74 | B47: 74 | C47: 40 | D47: 1 | E47: 45 | F47: =C47*D47*E47 -> 1800 | G47: =0.5*(F47) -> 900 | H47: =G47/(SQRT(3)*380) -> 1.3674085 | I47: 4.1022256 | J47: =I47*C47 -> 164.08902 | K47: =J47 -> 164.08902 | L47: =K47/(8*35) -> 0.58603223 | M47: =IF(L47>Veriler!$D$1,IF(L47>Veriler!$D$2,IF(L47>Veriler!$D$3,IF(L47>Veriler!$D$4,IF(L47>Veriler!$D$5,IF(L47>Veriler!$D$6,IF(L47>Veriler!$D$7,IF(L47>Veriler!$D$8,"ders sorumlusuna başvur",Veriler!$A$8),Veriler!$A$7),Veriler!$A$6),Veriler!$A$5),Veriler!$A$4),Veriler!$A$3),Veriler!$A$2),Veriler!$A$1) -> 1 | N47: 1 | O47: =VLOOKUP(N47,Veriler!A$1:C$8,2,FALSE) -> 5 x Rose | P47: =IF(I47<VLOOKUP(N47,Veriler!A$1:E$8,5,FALSE),"UYGUNDUR","KESİT AKIMI TAŞIYAMIYOR") -> UYGUNDUR

Sheet 5TR2-2Abone
A1: AKTİF GÜÇ
A2: Branşman Noktasına İrca Edilen Yük | C2: 4.5 | E2: 123 | G2: 190.5 | I2: 133.5 | K2: 259 | M2: 197.5 | O2: 100
A3: Hat Yükleri (m) | B3: =D3+C2 -> 1008 | D3: =F3+E2 -> 1003.5 | F3: =H3+G2 -> 880.5 | H3: =J3+I2 -> 690 | J3: =L3+K2 -> 556.5 | L3: =N3+M2 -> 297.5 | N3: 100
A4: Güç Yoğunluğu (J) | B4: 45 | D4: 45 | F4: 45 | H4: 45 | J4: 45 | L4: 45 | N4: 45
A5: Ktri | B5: 3.54 | D5: 9.36 | F5: 9.36 | H5: 1.84 | J5: 9.36 | L5: 2.33 | N5: 9.36
A6: %e | B6: =B5*B4*B3*10^-7*10 -> 0.1605744 | D6: =D5*D4*D3*10^-7*9 -> 0.38040678 | F6: =F5*F4*F3*10^-7*33 -> 1.2238598 | H6: =H5*H4*H3*10^-7*20 -> 0.114264 | J6: =J5*J4*J3*10^-7*87 -> 2.0392609 | L6: =L5*L4*L3*10^-7*115 -> 0.35871806 | N6: =N5*N4*N3*10^-7*200 -> 0.8424
B7: Toplam %e = 5 = 5 uygundur

Sheet 5TR2-2Aydınlatma
A1: AKTİF GÜÇ
A2: Branşman Noktasına İrca Edilen Yük | B2: 125 | C2: 125 | D2: 125 | E2: 1250 | F2: 500 | G2: 750 | H2: 125 | I2: 750 | J2: 125 | K2: 750 | L2: 125 | M2: 125 | N2: 250 | O2: 125 | P2: 125 | Q2: 125 | R2: 125 | S2: 125
A3: Hat Yükleri (m) | B3: 5750 | C3: 5625 | D3: 5500 | E3: 5375 | F3: 4125 | G3: 3625 | H3: 2875 | I3: 2750 | J3: 2000 | K3: 1875 | L3: 1125 | M3: 1000 | N3: 875 | O3: 625 | P3: 500 | Q3: 375 | R3: 250 | S3: 125
A4: Kmono
A5: %e

Sheet 5TR2_2 Moment
A1: Moment | B1: Toplam Moment | C1: Kesit | D1: Önerilen Tertibi | E1: Tercih Edilen Hat Tertibi | F1: Hat Seçimi | G1: Isıya Göre Kontrol
A3: 5649.4825 | B3: 29898.114 | C3: 106.77898 | D3: 8 | E3: 8 | F3: 3xOxlip+Rose/Aster | G3: UYGUNDUR
A4: 5423.7576 | B4: 24248.632 | C4: 86.602256 | D4: 8 | E4: 8 | F4: 3xOxlip+Rose/Aster | G4: UYGUNDUR
A5: 5362.4293 | B5: 18824.874 | C5: 67.231693 | D5: 7 | E5: 7 | F5: 3xPhlox + Rose/Poppy | G5: UYGUNDUR
D6: 1 | E6: 1 | F6: 5 x Rose | G6: UYGUNDUR
D7: 1 | E7: 1 | F7: 5 x Rose | G7: UYGUNDUR
D8: 1 | E8: 1 | F8: 5 x Rose | G8: UYGUNDUR
D9: 1 | E9: 1 | F9: 5 x Rose | G9: UYGUNDUR
D10: 1 | E10: 1 | F10: 5 x Rose | G10: UYGUNDUR
D11: 1 | E11: 1 | F11: 5 x Rose | G11: UYGUNDUR
D12: 1 | E12: 1 | F12: 5 x Rose | G12: UYGUNDUR
D13: 1 | E13: 1 | F13: 5 x Rose | G13: UYGUNDUR
D14: 1 | E14: 1 | F14: 5 x Rose | G14: UYGUNDUR
A15: 851.9297 | B15: 13462.445 | C15: 48.08016 | D15: 1 | E15: 1 | F15: 5 x Rose | G15: UYGUNDUR
D16: 1 | E16: 1 | F16: 5 x Rose | G16: UYGUNDUR
D17: 1 | E17: 1 | F17: 5 x Rose | G17: UYGUNDUR
D18: 1 | E18: 1 | F18: 5 x Rose | G18: UYGUNDUR
A19: 2554.0457 | B19: 12610.515 | C19: 45.037553 | D19: 1 | E19: 1 | F19: 5 x Rose | G19: UYGUNDUR
D20: 1 | E20: 1 | F20: 5 x Rose | G20: UYGUNDUR
D21: 1 | E21: 1 | F21: 5 x Rose | G21: UYGUNDUR
D22: 1 | E22: 1 | F22: 5 x Rose | G22: UYGUNDUR
D23: 1 | E23: 1 | F23: 5 x Rose | G23: UYGUNDUR
D24: 1 | E24: 1 | F24: 5 x Rose | G24: UYGUNDUR
A25: 1121.275 | B25: 10056.469 | C25: 35.915962 | D25: 4 | E25: 8 | F25: 3xOxlip+Rose/Aster | G25: UYGUNDUR
A26: 768.62034 | B26: 8935.1943 | C26: 31.911408 | D26: 3 | E26: 7 | F26: 3xPhlox + Rose/Poppy | G26: UYGUNDUR
D27: 1 | E27: 1 | F27: 5 x Rose | G27: UYGUNDUR
D28: 1 | E28: 1 | F28: 5 x Rose | G28: UYGUNDUR
D29: 1 | E29: 1 | F29: 5 x Rose | G29: UYGUNDUR
D30: 1 | E30: 1 | F30: 5 x Rose | G30: UYGUNDUR
D31: 1 | E31: 1 | F31: 5 x Rose | G31: UYGUNDUR
A32: 1657.2991 | B32: 8166.574 | C32: 29.166336 | D32: 3 | E32: 1 | F32: 5 x Rose | G32: UYGUNDUR
A33: 1284.9196 | B33: 6509.2748 | C33: 23.24741 | D33: 2 | E33: 1 | F33: 5 x Rose | G33: UYGUNDUR
D34: 1 | E34: 1 | F34: 5 x Rose | G34: UYGUNDUR
D35: 1 | E35: 1 | F35: 5 x Rose | G35: UYGUNDUR
D36: 1 | E36: 1 | F36: 5 x Rose | G36: UYGUNDUR
D37: 1 | E37: 1 | F37: 5 x Rose | G37: UYGUNDUR
D38: 1 | E38: 1 | F38: 5 x Rose | G38: UYGUNDUR
A39: 1049.7937 | B39: 5224.3552 | C39: 18.658412 | D39: 1 | E39: 7 | F39: 3xPhlox + Rose/Poppy | G39: UYGUNDUR
A40: 934.86303 | B40: 4174.5615 | C40: 14.909148 | D40: 1 | E40: 7 | F40: 3xPhlox + Rose/Poppy | G40: UYGUNDUR
A41: 668.97044 | B41: 3239.6985 | C41: 11.570352 | D41: 1 | E41: 1 | F41: 5 x Rose | G41: UYGUNDUR
A42: 656.3561 | B42: 2570.728 | C42: 9.1811716 | D42: 1 | E42: 1 | F42: 5 x Rose | G42: UYGUNDUR
A43: 601.65975 | B43: 1914.3719 | C43: 6.8370427 | D43: 1 | E43: 1 | F43: 5 x Rose | G43: UYGUNDUR
A44: 492.26707 | B44: 1312.7122 | C44: 4.6882578 | D44: 1 | E44: 1 | F44: 5 x Rose | G44: UYGUNDUR
A45: 382.87439 | B45: 820.44512 | C45: 2.9301611 | D45: 1 | E45: 1 | F45: 5 x Rose | G45: UYGUNDUR
A46: 273.48171 | B46: 437.57073 | C46: 1.5627526 | D46: 1 | E46: 1 | F46: 5 x Rose | G46: UYGUNDUR
A47: 164.08902 | B47: 164.08902 | C47: 0.58603223 | D47: 1 | E47: 1 | F47: 5 x Rose | G47: UYGUNDUR

Sheet 5TR2_3 Yer altı Gücü ve Akım
A1: Direk No | B1: Hat no | C1: Mesafe | D1: Kat Sayısı | E1: Güç Yoğunluğu | F1: Hat gücü | G1: kutu Gücü | H1: kutu Akımı | I1: hat akımı | J1: Moment | K1: Toplam Moment | L1: Kesit | M1: Önerilen Hat tertibi | N1: Tercih edilen Hat tertibi | O1: Hat Seçimi | P1: Isıya göre kontrol
A2: RT2_3 | G2: =0.5*(F3) -> 2700 | H2: =G2/(SQRT(3)*380) -> 4.1022256
A3: 1 | B3: 1 | C3: 40 | D3: 3 | E3: 45 | F3: =E3*D3*C3 -> 5400 | G3: =0.5*(F3+F4+F5) -> 14782.5 | H3: =G3/(SQRT(3)*380) -> 22.459685 | I3: =H3+H4+I5 -> 87.377405 | J3: =I3*C3 -> 3495.0962 | K3: =J3+K5 -> 14799.189 | L3: =K3/(8*35) -> 52.854247 | M3: =IF(L3>[1]Veriler!$D$1,IF(L3>[1]Veriler!$D$2,IF(L3>[1]Veriler!$D$3,IF(L3>[1]Veriler!$D$4,IF(L3>[1]Veriler!$D$5,IF(L3>[1]Veriler!$D$6,IF(L3>[1]Veriler!$D$7,IF(L3>[1]Veriler!$D$8,"ders sorumlusuna başvur",[1]Veriler!$A$8),[1]Veriler!$A$7),[1]Veriler!$A$6),[1]Veriler!$A$5),[1]Veriler!$A$4),[1]Veriler!$A$3),[1]Veriler!$A$2),[1]Veriler!$A$1) -> 5 | N3: 3 | O3: =IF(I3<78,"10 mm²",IF(I3<104,"16 mm²",IF(I3<137,"25 mm²",IF(I3<168,"35 mm²",IF(I3<210,"50 mm²",IF(I3<260,"70 mm²",IF(I3<310,"95 mm²",IF(I3<344,"120 mm²",IF(I3<391,"150 mm²",IF(I3<448,"185 mm²")))))))))) -> 16 mm² | P3: =IF(I3<VLOOKUP(N3,[1]Veriler!A$1:E$8,5,FALSE)," UYGUNDUR","KESİT AKIMI TAŞIYAMIYOR") -> UYGUNDUR
A4: 2 | B4: 2 | C4: 74 | D4: 3 | E4: 45 | F4: =E4*D4*C4 -> 9990 | G4: =0.5*(F4) -> 4995 | H4: =G4/(SQRT(3)*380) -> 7.5891174 | L4: =K4/(8*35) -> 0 | M4: =IF(L4>[1]Veriler!$D$1,IF(L4>[1]Veriler!$D$2,IF(L4>[1]Veriler!$D$3,IF(L4>[1]Veriler!$D$4,IF(L4>[1]Veriler!$D$5,IF(L4>[1]Veriler!$D$6,IF(L4>[1]Veriler!$D$7,IF(L4>[1]Veriler!$D$8,"ders sorumlusuna başvur",[1]Veriler!$A$8),[1]Veriler!$A$7),[1]Veriler!$A$6),[1]Veriler!$A$5),[1]Veriler!$A$4),[1]Veriler!$A$3),[1]Veriler!$A$2),[1]Veriler!$A$1) -> 1 | N4: 1 | O4: =IF(I4<78,"10 mm²",IF(I4<104,"16 mm²",IF(I4<137,"25 mm²",IF(I4<168,"35 mm²",IF(I4<210,"50 mm²",IF(I4<260,"70 mm²",IF(I4<310,"95 mm²",IF(I4<344,"120 mm²",IF(I4<391,"150 mm²",IF(I4<448,"185 mm²")))))))))) -> 10 mm² | P4: =IF(I4<VLOOKUP(N4,[1]Veriler!A$1:E$8,5,FALSE)," UYGUNDUR","KESİT AKIMI TAŞIYAMIYOR") -> UYGUNDUR
A5: 3 | B5: 3 | C5: 105 | D5: 3 | E5: 45 | F5: =E5*D5*C5 -> 14175 | G5: =0.5*(F5+F6) -> 12352.5 | H5: =G5/(SQRT(3)*380) -> 18.767682 | I5: =H5+I6 -> 57.328603 | J5: =I5*C5 -> 6019.5033 | K5: =J5+K6 -> 11304.093 | L5: =K5/(8*35) -> 40.37176 | M5: =IF(L5>[1]Veriler!$D$1,IF(L5>[1]Veriler!$D$2,IF(L5>[1]Veriler!$D$3,IF(L5>[1]Veriler!$D$4,IF(L5>[1]Veriler!$D$5,IF(L5>[1]Veriler!$D$6,IF(L5>[1]Veriler!$D$7,IF(L5>[1]Veriler!$D$8,"ders sorumlusuna başvur",[1]Veriler!$A$8),[1]Veriler!$A$7),[1]Veriler!$A$6),[1]Veriler!$A$5),[1]Veriler!$A$4),[1]Veriler!$A$3),[1]Veriler!$A$2),[1]Veriler!$A$1) -> 4 | N5: 1 | O5: =IF(I5<78,"10 mm²",IF(I5<104,"16 mm²",IF(I5<137,"25 mm²",IF(I5<168,"35 mm²",IF(I5<210,"50 mm²",IF(I5<260,"70 mm²",IF(I5<310,"95 mm²",IF(I5<344,"120 mm²",IF(I5<391,"150 mm²",IF(I5<448,"185 mm²")))))))))) -> 10 mm² | P5: =IF(I5<VLOOKUP(N5,[1]Veriler!A$1:E$8,5,FALSE)," UYGUNDUR","KESİT AKIMI TAŞIYAMIYOR") -> UYGUNDUR
A6: 4 | B6: 4 | C6: 78 | D6: 3 | E6: 45 | F6: =E6*D6*C6 -> 10530 | G6: =0.5*(F6+F7) -> 15322.5 | H6: =G6/(SQRT(3)*380) -> 23.28013 | I6: =H6+I7 -> 38.560921 | J6: =I6*C6 -> 3007.7518 | K6: =J6+K7 -> 5284.5896 | L6: =K6/(8*35) -> 18.873534 | M6: =IF(L6>[1]Veriler!$D$1,IF(L6>[1]Veriler!$D$2,IF(L6>[1]Veriler!$D$3,IF(L6>[1]Veriler!$D$4,IF(L6>[1]Veriler!$D$5,IF(L6>[1]Veriler!$D$6,IF(L6>[1]Veriler!$D$7,IF(L6>[1]Veriler!$D$8,"ders sorumlusuna başvur",[1]Veriler!$A$8),[1]Veriler!$A$7),[1]Veriler!$A$6),[1]Veriler!$A$5),[1]Veriler!$A$4),[1]Veriler!$A$3),[1]Veriler!$A$2),[1]Veriler!$A$1) -> 1 | N6: 1 | O6: =IF(I6<78,"10 mm²",IF(I6<104,"16 mm²",IF(I6<137,"25 mm²",IF(I6<168,"35 mm²",IF(I6<210,"50 mm²",IF(I6<260,"70 mm²",IF(I6<310,"95 mm²",IF(I6<344,"120 mm²",IF(I6<391,"150 mm²",IF(I6<448,"185 mm²")))))))))) -> 10 mm² | P6: =IF(I6<VLOOKUP(N6,[1]Veriler!A$1:E$8,5,FALSE)," UYGUNDUR","KESİT AKIMI TAŞIYAMIYOR") -> UYGUNDUR
A7: 5 | B7: 5 | C7: 149 | D7: 3 | E7: 45 | F7: =E7*D7*C7 -> 20115 | G7: =0.5*(F7) -> 10057.5 | H7: =G7/(SQRT(3)*380) -> 15.28079 | I7: =H7 -> 15.28079 | J7: =I7*C7 -> 2276.8378 | K7: =J7 -> 2276.8378 | L7: =K7/(8*35) -> 8.1315634 | M7: =IF(L7>[1]Veriler!$D$1,IF(L7>[1]Veriler!$D$2,IF(L7>[1]Veriler!$D$3,IF(L7>[1]Veriler!$D$4,IF(L7>[1]Veriler!$D$5,IF(L7>[1]Veriler!$D$6,IF(L7>[1]Veriler!$D$7,IF(L7>[1]Veriler!$D$8,"ders sorumlusuna başvur",[1]Veriler!$A$8),[1]Veriler!$A$7),[1]Veriler!$A$6),[1]Veriler!$A$5),[1]Veriler!$A$4),[1]Veriler!$A$3),[1]Veriler!$A$2),[1]Veriler!$A$1) -> 1 | N7: 1 | O7: =IF(I7<78,"10 mm²",IF(I7<104,"16 mm²",IF(I7<137,"25 mm²",IF(I7<168,"35 mm²",IF(I7<210,"50 mm²",IF(I7<260,"70 mm²",IF(I7<310,"95 mm²",IF(I7<344,"120 mm²",IF(I7<391,"150 mm²",IF(I7<448,"185 mm²")))))))))) -> 10 mm² | P7: =IF(I7<VLOOKUP(N7,[1]Veriler!A$1:E$8,5,FALSE)," UYGUNDUR","KESİT AKIMI TAŞIYAMIYOR") -> UYGUNDUR

Sheet 5TR2_3 Yer altı Abone
A1: AKTİF GÜÇ
A2: Branşman Noktasına İrca Edilen Yük | E2: 199 | G2: 199
A3: Hat Yükleri (m) | D3: =F3+E2 -> 398 | F3: 199
A4: Güç Yoğunluğu (J) | D4: 45 | F4: 45
A5: Ktri | D5: 12.4 | F5: 7.75
A6: %e | D6: =D5*D4*D3*10^-7 -> 0.0222084 | F6: =F5*F4*F3*10^-7*398 -> 2.7621697
B7: Toplam %e = 2.78437815 < 5 uygundur

Sheet 5TR2_3 Yer altı moment
A1: Moment | B1: Toplam Moment | C1: Kesit | D1: Önerilen Hat tertibi | E1: Tercih edilen Hat tertibi | F1: Hat Seçimi | G1: Isıya göre kontrol
A3: 3495.0962 | B3: 14799.189 | C3: 52.854247 | D3: 5 | E3: 3 | F3: 16 mm² | G3: UYGUNDUR
C4: 0 | D4: 1 | E4: 1 | F4: 10 mm² | G4: UYGUNDUR
A5: 6019.5033 | B5: 11304.093 | C5: 40.37176 | D5: 4 | E5: 1 | F5: 10 mm² | G5: UYGUNDUR
A6: 3007.7518 | B6: 5284.5896 | C6: 18.873534 | D6: 1 | E6: 1 | F6: 10 mm² | G6: UYGUNDUR
A7: 2276.8378 | B7: 2276.8378 | C7: 8.1315634 | D7: 1 | E7: 1 | F7: 10 mm² | G7: UYGUNDUR

Sheet Veriler
A1: 1 | B1: 5 x Rose | C1: 5xR | D1: 21.14 | E1: 110 | G1: 90 | H1: =IF(G1>D1,IF(G1>D2,IF(G1>D3,IF(G1>D4,IF(G1>D5,IF(G1>D6,IF(G1>D7,IF(G1>D8,"ders sorumlusuna başvur",A8),A7),A6),A5),A4),A3),A2),A1) -> 8
A2: 2 | B2: 3 x Lily + Rose/Lily | C2: 3xL+R/L | D2: 26.6 | E2: 125
A3: 3 | B3: 3 x Iris + Rose/Lily | C3: 3xI+R/L | D3: 33.53 | E3: 143
A4: 4 | B4: 3xPansy + Rose/Iris | C4: 3xP+R/I | D4: 42.49 | E4: 165
A5: 5 | B5: 3xPoppy+Rose/Pansy | C5: 3xPo+R/P | D5: 53.48 | E5: 193
A6: 6 | B6: 3xAster+Rose/Pansy | C6: 3xA+R/P | D6: 67.14 | E6: 225
A7: 7 | B7: 3xPhlox + Rose/Poppy | C7: 3xPh+R/Po | D7: 84.91 | E7: 262
A8: 8 | B8: 3xOxlip+Rose/Aster | C8: 3xO+R/A | D8: 107.38 | E8: 306
B10: 3x16+10/16 mm2 | D10: 104
B11: 3x25+10/25 mm2 | D11: 137
B12: 3x35+10/25 mm2 | D12: 168
B13: 3x50+10/35 mm2 | D13: 210
B14: 3x70+10/50 mm2 | D14: 260
B15: 3x95+10/50 mm2 | D15: 310
B19: Swallow | C19: 26,69/4,45 | D19: 125 | E19: 107.8
B20: Raven | C20: 53,52/8,92 | D20: 230 | E20: 216.2
B21: Pigeon | C21: 85,12/14,18 | D21: 300 | E21: 343.9
B22: Partridge | C22: 134,87/22,00 | D22: 460
B23: Hawk | C23: 241,65/39,19 | D23: 670

Sheet Sheet5
